feedID,playerID,playerName,firstName,lastName,teamID,teamName,teamAbbrev,pos,pos1,pos2,season,round,played,projPoints,points,avg,avg3,avg5,prevAvg,price
297373,695,M.Bontempelli,Marcus,Bontempelli,15,Western Bulldogs,WBD,MID,MID,NA,2025,0,0,NA,NA,0,0,0,126.39,681000
290528,441,M.Gawn,Max,Gawn,10,Melbourne,MEL,RUC,RUC,NA,2025,0,0,NA,NA,0,0,0,124.14,668900
1006121,529,Z.Butters,Zak,Butters,11,Port Adelaide,PTA,MID,MID,NA,2025,0,0,NA,NA,0,0,0,120.43,648900
293535,75,L.Neale,Lachie,Neale,2,Brisbane,BRL,MID,MID,NA,2025,0,0,NA,NA,0,0,0,119.86,645900
1004965,518,T.Xerri,Tristan,Xerri,9,North Melbourne,NTH,RUC,RUC,NA,2025,0,0,NA,NA,0,0,0,119.87,645900
1009260,272,S.Flanders,Sam,Flanders,17,Gold Coast,GCS,DEF/MID,DEF,MID,2025,0,0,NA,NA,0,0,0,119.05,641500
1023518,509,H.Sheezel,Harry,Sheezel,9,North Melbourne,NTH,DEF,DEF,NA,2025,0,0,NA,NA,0,0,0,117.95,635600
1023261,136,N.Daicos,Nick,Daicos,4,Collingwood,COL,MID,MID,NA,2025,0,0,NA,NA,0,0,0,117.17,631400
298539,671,I.Heeney,Isaac,Heeney,14,Sydney,SYD,MID,MID,NA,2025,0,0,NA,NA,0,0,0,116.76,629200
998659,245,L.Ryan,Luke,Ryan,6,Fremantle,FRE,DEF,DEF,NA,2025,0,0,NA,NA,0,0,0,116.61,628300
291790,730,A.Treloar,Adam,Treloar,15,Western Bulldogs,WBD,MID,MID,NA,2025,0,0,NA,NA,0,0,0,116.59,628200
1009420,246,C.Serong,Caleb,Serong,6,Fremantle,FRE,MID,MID,NA,2025,0,0,NA,NA,0,0,0,115.7,623400
992016,200,Z.Merrett,Zach,Merrett,5,Essendon,ESS,MID,MID,NA,2025,0,0,NA,NA,0,0,0,115.26,621100
992468,631,R.Marshall,Rowan,Marshall,13,St Kilda,STK,RUC,RUC,NA,2025,0,0,NA,NA,0,0,0,112,603500
993834,58,J.Dunkley,Josh,Dunkley,2,Brisbane,BRL,MID,MID,NA,2025,0,0,NA,NA,0,0,0,111.78,602300
294305,388,L.Whitfield,Lachie,Whitfield,18,GWS Giants,GWS,DEF,DEF,NA,2025,0,0,NA,NA,0,0,0,111,598100
990704,98,P.Cripps,Patrick,Cripps,3,Carlton,CAR,MID,MID,NA,2025,0,0,NA,NA,0,0,0,110.48,595300
261224,87,D.Zorko,Dayne,Zorko,2,Brisbane,BRL,DEF,DEF,NA,2025,0,0,NA,NA,0,0,0,110.43,595100
294859,766,J.McGovern,Jeremy,McGovern,16,West Coast,WCE,DEF,DEF,NA,2025,0,0,NA,NA,0,0,0,110.26,594100
298174,591,T.Nankervis,Toby,Nankervis,12,Richmond,RIC,RUC,RUC,NA,2025,0,0,NA,NA,0,0,0,110.24,594000
994389,639,J.Sinclair,Jack,Sinclair,13,St Kilda,STK,DEF/MID,DEF,MID,2025,0,0,NA,NA,0,0,0,109.91,592200
1002232,219,A.Brayshaw,Andrew,Brayshaw,6,Fremantle,FRE,MID,MID,NA,2025,0,0,NA,NA,0,0,0,109.83,591800
1002267,484,L.Davies-Uniacke,Luke,Davies-Uniacke,9,North Melbourne,NTH,MID,MID,NA,2025,0,0,NA,NA,0,0,0,109.13,588000
296205,640,J.Steele,Jack,Steele,13,St Kilda,STK,MID,MID,NA,2025,0,0,NA,NA,0,0,0,108.61,585200
1006094,125,S.Walsh,Sam,Walsh,3,Carlton,CAR,MID,MID,NA,2025,0,0,NA,NA,0,0,0,108.37,583900
1013128,667,E.Gulden,Errol,Gulden,14,Sydney,SYD,MID,MID,NA,2025,0,0,NA,NA,0,0,0,108,581900
1004592,706,T.English,Tim,English,15,Western Bulldogs,WBD,RUC,RUC,NA,2025,0,0,NA,NA,0,0,0,108,581900
291975,300,J.Witts,Jarrod,Witts,17,Gold Coast,GCS,RUC,RUC,NA,2025,0,0,NA,NA,0,0,0,107.88,581300
994295,146,D.Houston,Dan,Houston,4,Collingwood,COL,DEF,DEF,NA,2025,0,0,NA,NA,0,0,0,106.82,575600
1009199,259,N.Anderson,Noah,Anderson,17,Gold Coast,GCS,MID,MID,NA,2025,0,0,NA,NA,0,0,0,106.7,574900
293957,666,B.Grundy,Brodie,Grundy,14,Sydney,SYD,RUC,RUC,NA,2025,0,0,NA,NA,0,0,0,106.61,574400
1009528,362,T.Green,Tom,Green,18,GWS Giants,GWS,MID,MID,NA,2025,0,0,NA,NA,0,0,0,106.57,574200
297401,7,M.Crouch,Matt,Crouch,1,Adelaide,ADE,MID,MID,NA,2025,0,0,NA,NA,0,0,0,105.53,568600
990291,131,D.Cameron,Darcy,Cameron,4,Collingwood,COL,RUC,RUC,NA,2025,0,0,NA,NA,0,0,0,105.13,566500
1012013,196,N.Martin,Nic,Martin,5,Essendon,ESS,DEF,DEF,NA,2025,0,0,NA,NA,0,0,0,105.04,566000
292128,778,E.Yeo,Elliot,Yeo,16,West Coast,WCE,MID,MID,NA,2025,0,0,NA,NA,0,0,0,104.8,564700
1006152,223,J.Clark,Jordan,Clark,6,Fremantle,FRE,DEF,DEF,NA,2025,0,0,NA,NA,0,0,0,104.61,563700
290799,720,T.Liberatore,Tom,Liberatore,15,Western Bulldogs,WBD,MID,MID,NA,2025,0,0,NA,NA,0,0,0,104.24,561700
293222,20,R.Laird,Rory,Laird,1,Adelaide,ADE,MID,MID,NA,2025,0,0,NA,NA,0,0,0,104.13,561100
1012014,691,Ch.Warner,Chad,Warner,14,Sydney,SYD,MID,MID,NA,2025,0,0,NA,NA,0,0,0,103.86,559700
1000980,414,L.Meek,Lloyd,Meek,8,Hawthorn,HAW,RUC,RUC,NA,2025,0,0,NA,NA,0,0,0,103.47,557600
298210,460,C.Petracca,Christian,Petracca,10,Melbourne,MEL,MID,MID,NA,2025,0,0,NA,NA,0,0,0,103.23,556200
1001026,207,J.Ridley,Jordan,Ridley,5,Essendon,ESS,DEF,DEF,NA,2025,0,0,NA,NA,0,0,0,102.56,552600
298272,286,T.Miller,Touk,Miller,17,Gold Coast,GCS,MID,MID,NA,2025,0,0,NA,NA,0,0,0,102.56,552600
992242,10,J.Dawson,Jordan,Dawson,1,Adelaide,ADE,MID,MID,NA,2025,0,0,NA,NA,0,0,0,102.14,550300
1009208,294,M.Rowell,Matt,Rowell,17,Gold Coast,GCS,MID,MID,NA,2025,0,0,NA,NA,0,0,0,102.13,550300
1004912,100,T.De Koning,Tom,De Koning,3,Carlton,CAR,RUC,RUC,NA,2025,0,0,NA,NA,0,0,0,101.53,547100
297907,118,N.Newman,Nic,Newman,3,Carlton,CAR,DEF,DEF,NA,2025,0,0,NA,NA,0,0,0,101.48,546800
1009256,257,H.Young,Hayden,Young,6,Fremantle,FRE,MID,MID,NA,2025,0,0,NA,NA,0,0,0,101.35,546100
1015507,644,N.Wanganeen-Milera,Nasiah,Wanganeen-Milera,13,St Kilda,STK,DEF,DEF,NA,2025,0,0,NA,NA,0,0,0,100.91,543700
296347,371,J.Kelly,Josh,Kelly,18,GWS Giants,GWS,MID,MID,NA,2025,0,0,NA,NA,0,0,0,99.93,538500
1011640,538,J.Horne-Francis,Jason,Horne-Francis,11,Port Adelaide,PTA,FWD/MID,FWD,MID,2025,0,0,NA,NA,0,0,0,99.67,537000
294318,561,O.Wines,Ollie,Wines,11,Port Adelaide,PTA,MID,MID,NA,2025,0,0,NA,NA,0,0,0,99.36,535400
1015889,322,M.Holmes,Max,Holmes,7,Geelong,GEE,DEF/MID,DEF,MID,2025,0,0,NA,NA,0,0,0,99.09,533900
297566,427,J.Sicily,James,Sicily,8,Hawthorn,HAW,DEF,DEF,NA,2025,0,0,NA,NA,0,0,0,98.9,532900
1008280,726,E.Richards,Ed,Richards,15,Western Bulldogs,WBD,MID,MID,NA,2025,0,0,NA,NA,0,0,0,98.55,531000
1020895,420,J.Newcombe,Jai,Newcombe,8,Hawthorn,HAW,MID,MID,NA,2025,0,0,NA,NA,0,0,0,98.3,529700
998145,225,S.Darcy,Sean,Darcy,6,Fremantle,FRE,RUC,RUC,NA,2025,0,0,NA,NA,0,0,0,98.25,529400
1001299,553,C.Rozee,Connor,Rozee,11,Port Adelaide,PTA,MID,MID,NA,2025,0,0,NA,NA,0,0,0,98.25,529400
1000978,70,H.McCluggage,Hugh,McCluggage,2,Brisbane,BRL,MID,MID,NA,2025,0,0,NA,NA,0,0,0,98.09,528500
996708,701,B.Dale,Bailey,Dale,15,Western Bulldogs,WBD,DEF,DEF,NA,2025,0,0,NA,NA,0,0,0,98,528100
1006314,416,D.Moore,Dylan,Moore,8,Hawthorn,HAW,FWD,FWD,NA,2025,0,0,NA,NA,0,0,0,97.74,526700
1006028,654,N.Blakey,Nick,Blakey,14,Sydney,SYD,DEF,DEF,NA,2025,0,0,NA,NA,0,0,0,97.48,525200
1001195,32,I.Rankine,Izak,Rankine,1,Adelaide,ADE,FWD,FWD,NA,2025,0,0,NA,NA,0,0,0,96.8,521600
291800,343,T.Stewart,Tom,Stewart,7,Geelong,GEE,DEF,DEF,NA,2025,0,0,NA,NA,0,0,0,96.68,521000
1005521,71,O.McInerney,Oscar,McInerney,2,Brisbane,BRL,RUC,RUC,NA,2025,0,0,NA,NA,0,0,0,96,517300
1008436,350,K.Briggs,Kieren,Briggs,18,GWS Giants,GWS,RUC,RUC,NA,2025,0,0,NA,NA,0,0,0,95.82,516300
295898,762,T.Kelly,Tim,Kelly,16,West Coast,WCE,MID,MID,NA,2025,0,0,NA,NA,0,0,0,95.45,514300
998102,197,A.McGrath,Andrew,McGrath,5,Essendon,ESS,DEF,DEF,NA,2025,0,0,NA,NA,0,0,0,95.39,514000
998172,602,T.Taranto,Tim,Taranto,12,Richmond,RIC,MID,MID,NA,2025,0,0,NA,NA,0,0,0,94.53,509400
1009399,232,L.Jackson,Luke,Jackson,6,Fremantle,FRE,FWD/RUC,FWD,RUC,2025,0,0,NA,NA,0,0,0,94.52,509300
1006126,688,J.Rowbottom,James,Rowbottom,14,Sydney,SYD,MID,MID,NA,2025,0,0,NA,NA,0,0,0,94.52,509300
1006103,175,J.Caldwell,Jye,Caldwell,5,Essendon,ESS,MID,MID,NA,2025,0,0,NA,NA,0,0,0,93.96,506300
1004863,16,M.Hinge,Mitchell,Hinge,1,Adelaide,ADE,DEF,DEF,NA,2025,0,0,NA,NA,0,0,0,93.45,503600
297523,28,R.O'Brien,Reilly,O'Brien,1,Adelaide,ADE,RUC,RUC,NA,2025,0,0,NA,NA,0,0,0,93.29,502700
296294,88,B.Acres,Blake,Acres,3,Carlton,CAR,MID,MID,NA,2025,0,0,NA,NA,0,0,0,92.91,500600
1000981,291,D.Rioli,Daniel,Rioli,17,Gold Coast,GCS,DEF,DEF,NA,2025,0,0,NA,NA,0,0,0,92.87,500400
296324,367,J.Hogan,Jesse,Hogan,18,GWS Giants,GWS,FWD,FWD,NA,2025,0,0,NA,NA,0,0,0,92.39,497800
294036,107,G.Hewett,George,Hewett,3,Carlton,CAR,MID,MID,NA,2025,0,0,NA,NA,0,0,0,92.14,496500
296422,646,C.Wilkie,Callum,Wilkie,13,St Kilda,STK,DEF,DEF,NA,2025,0,0,NA,NA,0,0,0,91.74,494300
297354,389,K.Amon,Karl,Amon,8,Hawthorn,HAW,DEF,DEF,NA,2025,0,0,NA,NA,0,0,0,91.65,493900
294674,605,N.Vlastuin,Nick,Vlastuin,12,Richmond,RIC,DEF,DEF,NA,2025,0,0,NA,NA,0,0,0,91.32,492100
993107,366,H.Himmelberg,Harry,Himmelberg,18,GWS Giants,GWS,DEF,DEF,NA,2025,0,0,NA,NA,0,0,0,91.26,491700
1008550,398,W.Day,Will,Day,8,Hawthorn,HAW,MID,MID,NA,2025,0,0,NA,NA,0,0,0,91.19,491300
295518,101,S.Docherty,Sam,Docherty,3,Carlton,CAR,MID,MID,NA,2025,0,0,NA,NA,0,0,0,25,487900
1000972,533,W.Drew,Willem,Drew,11,Port Adelaide,PTA,MID,MID,NA,2025,0,0,NA,NA,0,0,0,90.52,487800
281085,452,S.May,Steven,May,10,Melbourne,MEL,DEF,DEF,NA,2025,0,0,NA,NA,0,0,0,90.47,487500
1002251,356,B.Daniels,Brent,Daniels,18,GWS Giants,GWS,FWD,FWD,NA,2025,0,0,NA,NA,0,0,0,90,485000
298290,121,M.Pittonet,Marc,Pittonet,3,Carlton,CAR,RUC,RUC,NA,2025,0,0,NA,NA,0,0,0,89.85,484100
1005054,135,J.Daicos,Josh,Daicos,4,Collingwood,COL,MID,MID,NA,2025,0,0,NA,NA,0,0,0,89.57,482600
1015810,181,S.Durham,Sam,Durham,5,Essendon,ESS,MID,MID,NA,2025,0,0,NA,NA,0,0,0,89.5,482300
993817,202,D.Parish,Darcy,Parish,5,Essendon,ESS,MID,MID,NA,2025,0,0,NA,NA,0,0,0,89.33,481400
992330,556,J.Sweet,Jordon,Sweet,11,Port Adelaide,PTA,RUC,RUC,NA,2025,0,0,NA,NA,0,0,0,88.79,478400
1007881,289,W.Powell,Wil,Powell,17,Gold Coast,GCS,DEF,DEF,NA,2025,0,0,NA,NA,0,0,0,88.56,477200
1024272,501,C.McKercher,Colby,McKercher,9,North Melbourne,NTH,DEF,DEF,NA,2025,0,0,NA,NA,0,0,0,88.5,476900
997078,205,M.Redman,Mason,Redman,5,Essendon,ESS,DEF,DEF,NA,2025,0,0,NA,NA,0,0,0,88.29,475700
291902,473,J.Viney,Jack,Viney,10,Melbourne,MEL,MID,MID,NA,2025,0,0,NA,NA,0,0,0,88,474200
1005144,397,M.D'Ambrosio,Massimo,D'Ambrosio,8,Hawthorn,HAW,MID,MID,NA,2025,0,0,NA,NA,0,0,0,87.68,472500
1002222,432,J.Worpel,James,Worpel,8,Hawthorn,HAW,MID,MID,NA,2025,0,0,NA,NA,0,0,0,87.3,470400
293871,134,J.Crisp,Jack,Crisp,4,Collingwood,COL,MID,MID,NA,2025,0,0,NA,NA,0,0,0,87.17,469700
295461,122,A.Saad,Adam,Saad,3,Carlton,CAR,DEF,DEF,NA,2025,0,0,NA,NA,0,0,0,86.88,468200
1000953,114,H.McKay,Harry,McKay,3,Carlton,CAR,FWD,FWD,NA,2025,0,0,NA,NA,0,0,0,86.7,467200
293845,307,J.Cameron,Jeremy,Cameron,7,Geelong,GEE,FWD,FWD,NA,2025,0,0,NA,NA,0,0,0,86.5,466100
260257,163,S.Pendlebury,Scott,Pendlebury,4,Collingwood,COL,MID,MID,NA,2025,0,0,NA,NA,0,0,0,86.45,465800
298268,748,L.Duggan,Liam,Duggan,16,West Coast,WCE,DEF,DEF,NA,2025,0,0,NA,NA,0,0,0,86.1,463900
1009378,463,T.Rivers,Trent,Rivers,10,Melbourne,MEL,DEF/MID,DEF,MID,2025,0,0,NA,NA,0,0,0,85.91,462900
998215,209,W.Setterfield,Will,Setterfield,5,Essendon,ESS,MID,MID,NA,2025,0,0,NA,NA,0,0,0,107.25,462300
1021013,287,N.Moyle,Ned,Moyle,17,Gold Coast,GCS,RUC,RUC,NA,2025,0,0,NA,NA,0,0,0,85.75,462100
1023477,516,G.Wardlaw,George,Wardlaw,9,North Melbourne,NTH,MID,MID,NA,2025,0,0,NA,NA,0,0,0,85.61,461300
296420,27,A.Neal-Bullen,Alex,Neal-Bullen,1,Adelaide,ADE,FWD/MID,FWD,MID,2025,0,0,NA,NA,0,0,0,85.09,458500
1006136,35,L.Sholl,Lachlan,Sholl,1,Adelaide,ADE,MID,MID,NA,2025,0,0,NA,NA,0,0,0,85.1,458500
1011981,43,J.Worrell,Josh,Worrell,1,Adelaide,ADE,DEF,DEF,NA,2025,0,0,NA,NA,0,0,0,85,458000
1008083,368,C.Idun,Connor,Idun,18,GWS Giants,GWS,DEF,DEF,NA,2025,0,0,NA,NA,0,0,0,85,458000
999827,488,Z.Fisher,Zac,Fisher,9,North Melbourne,NTH,DEF,DEF,NA,2025,0,0,NA,NA,0,0,0,85,458000
1009253,348,L.Ash,Lachie,Ash,18,GWS Giants,GWS,DEF,DEF,NA,2025,0,0,NA,NA,0,0,0,84.76,456700
998134,392,J.Battle,Josh,Battle,8,Hawthorn,HAW,DEF,DEF,NA,2025,0,0,NA,NA,0,0,0,84.3,454300
270917,312,P.Dangerfield,Patrick,Dangerfield,7,Geelong,GEE,MID,MID,NA,2025,0,0,NA,NA,0,0,0,84.29,454200
1012819,251,J.Treacy,Josh,Treacy,6,Fremantle,FRE,FWD,FWD,NA,2025,0,0,NA,NA,0,0,0,84.25,454000
990290,391,T.Barrass,Tom,Barrass,8,Hawthorn,HAW,DEF,DEF,NA,2025,0,0,NA,NA,0,0,0,83.89,452000
996701,459,C.Oliver,Clayton,Oliver,10,Melbourne,MEL,MID,MID,NA,2025,0,0,NA,NA,0,0,0,83.81,451600
1004870,318,Z.Guthrie,Zach,Guthrie,7,Geelong,GEE,DEF,DEF,NA,2025,0,0,NA,NA,0,0,0,83.74,451200
296254,406,J.Impey,Jarman,Impey,8,Hawthorn,HAW,DEF,DEF,NA,2025,0,0,NA,NA,0,0,0,83.52,450000
996059,45,H.Andrews,Harris,Andrews,2,Brisbane,BRL,DEF,DEF,NA,2025,0,0,NA,NA,0,0,0,83.41,449400
998133,51,J.Berry,Jarrod,Berry,2,Brisbane,BRL,MID,MID,NA,2025,0,0,NA,NA,0,0,0,83.39,449300
1017067,85,D.Wilmot,Darcy,Wilmot,2,Brisbane,BRL,DEF,DEF,NA,2025,0,0,NA,NA,0,0,0,83.35,449100
998260,304,J.Bowes,Jack,Bowes,7,Geelong,GEE,MID,MID,NA,2025,0,0,NA,NA,0,0,0,83.35,449100
1017109,37,J.Soligo,Jake,Soligo,1,Adelaide,ADE,MID,MID,NA,2025,0,0,NA,NA,0,0,0,83.13,447900
998529,555,I.Soldo,Ivan,Soldo,11,Port Adelaide,PTA,RUC,RUC,NA,2025,0,0,NA,NA,0,0,0,83.13,447900
996554,775,J.Waterman,Jake,Waterman,16,West Coast,WCE,FWD,FWD,NA,2025,0,0,NA,NA,0,0,0,83.1,447800
1002239,93,A.Cerra,Adam,Cerra,3,Carlton,CAR,MID,MID,NA,2025,0,0,NA,NA,0,0,0,83.08,447700
1002253,535,K.Farrell,Kane,Farrell,11,Port Adelaide,PTA,DEF,DEF,NA,2025,0,0,NA,NA,0,0,0,82.59,445000
295342,676,J.Lloyd,Jake,Lloyd,14,Sydney,SYD,DEF/MID,DEF,MID,2025,0,0,NA,NA,0,0,0,82.48,444400
996731,99,C.Curnow,Charlie,Curnow,3,Carlton,CAR,FWD,FWD,NA,2025,0,0,NA,NA,0,0,0,82.43,444200
1011936,679,J.McInerney,Justin,McInerney,14,Sydney,SYD,MID,MID,NA,2025,0,0,NA,NA,0,0,0,82.35,443700
1000223,738,L.Baker,Liam,Baker,16,West Coast,WCE,FWD/MID,FWD,MID,2025,0,0,NA,NA,0,0,0,82.33,443600
992049,597,J.Short,Jayden,Short,12,Richmond,RIC,DEF,DEF,NA,2025,0,0,NA,NA,0,0,0,82.09,442300
994185,137,J.De Goey,Jordan,De Goey,4,Collingwood,COL,MID,MID,NA,2025,0,0,NA,NA,0,0,0,82,441800
998114,425,J.Scrimshaw,Jack,Scrimshaw,8,Hawthorn,HAW,DEF,DEF,NA,2025,0,0,NA,NA,0,0,0,82,441800
1023266,354,F.Callaghan,Finn,Callaghan,18,GWS Giants,GWS,MID,MID,NA,2025,0,0,NA,NA,0,0,0,81.95,441600
1004938,330,G.Miers,Gryan,Miers,7,Geelong,GEE,FWD,FWD,NA,2025,0,0,NA,NA,0,0,0,81.91,441400
1023517,48,W.Ashcroft,Will,Ashcroft,2,Brisbane,BRL,MID,MID,NA,2025,0,0,NA,NA,0,0,0,81.89,441200
993946,19,B.Keays,Ben,Keays,1,Adelaide,ADE,FWD,FWD,NA,2025,0,0,NA,NA,0,0,0,81.04,436700
291313,147,J.Howe,Jeremy,Howe,4,Collingwood,COL,DEF,DEF,NA,2025,0,0,NA,NA,0,0,0,81.05,436700
993903,581,J.Hopper,Jacob,Hopper,12,Richmond,RIC,MID,MID,NA,2025,0,0,NA,NA,0,0,0,80.83,435600
1012210,687,M.Roberts,Matt,Roberts,14,Sydney,SYD,DEF,DEF,NA,2025,0,0,NA,NA,0,0,0,80.7,434800
1023492,771,H.Reid,Harley,Reid,16,West Coast,WCE,MID,MID,NA,2025,0,0,NA,NA,0,0,0,80.55,434000
298264,447,E.Langdon,Ed,Langdon,10,Melbourne,MEL,MID,MID,NA,2025,0,0,NA,NA,0,0,0,80.23,432300
1011659,507,T.Powell,Tom,Powell,9,North Melbourne,NTH,MID,MID,NA,2025,0,0,NA,NA,0,0,0,80.17,432000
295340,649,M.Wood,Mason,Wood,13,St Kilda,STK,FWD/MID,FWD,MID,2025,0,0,NA,NA,0,0,0,80.11,431700
994386,301,T.Atkins,Tom,Atkins,7,Geelong,GEE,MID,MID,NA,2025,0,0,NA,NA,0,0,0,80.1,431600
296359,464,C.Salem,Christian,Salem,10,Melbourne,MEL,DEF,DEF,NA,2025,0,0,NA,NA,0,0,0,80,431100
996765,684,T.Papley,Tom,Papley,14,Sydney,SYD,FWD,FWD,NA,2025,0,0,NA,NA,0,0,0,80,431100
1013462,527,J.Burgoyne,Jase,Burgoyne,11,Port Adelaide,PTA,MID,MID,NA,2025,0,0,NA,NA,0,0,0,79.95,430800
993998,510,J.Simpkin,Jy,Simpkin,9,North Melbourne,NTH,FWD/MID,FWD,MID,2025,0,0,NA,NA,0,0,0,79.67,429300
291533,454,T.McDonald,Tom,McDonald,10,Melbourne,MEL,DEF,DEF,NA,2025,0,0,NA,NA,0,0,0,79.5,428400
291969,355,S.Coniglio,Stephen,Coniglio,18,GWS Giants,GWS,MID,MID,NA,2025,0,0,NA,NA,0,0,0,79.38,427800
1017126,702,S.Darcy,Sam,Darcy,15,Western Bulldogs,WBD,FWD,FWD,NA,2025,0,0,NA,NA,0,0,0,79.25,427000
294101,714,J.Johannisen,Jason,Johannisen,15,Western Bulldogs,WBD,DEF,DEF,NA,2025,0,0,NA,NA,0,0,0,79.22,426900
295344,363,T.Greene,Toby,Greene,18,GWS Giants,GWS,FWD,FWD,NA,2025,0,0,NA,NA,0,0,0,79.14,426400
290627,592,D.Prestia,Dion,Prestia,12,Richmond,RIC,MID,MID,NA,2025,0,0,NA,NA,0,0,0,79.08,426100
295446,266,S.Collins,Sam,Collins,17,Gold Coast,GCS,DEF,DEF,NA,2025,0,0,NA,NA,0,0,0,79.04,425900
998103,662,O.Florent,Oliver,Florent,14,Sydney,SYD,DEF,DEF,NA,2025,0,0,NA,NA,0,0,0,78.91,425200
250365,526,T.Boak,Travis,Boak,11,Port Adelaide,PTA,MID,MID,NA,2025,0,0,NA,NA,0,0,0,78.6,423500
281065,315,M.Duncan,Mitch,Duncan,7,Geelong,GEE,DEF,DEF,NA,2025,0,0,NA,NA,0,0,0,78.55,423300
1002235,77,C.Rayner,Cam,Rayner,2,Brisbane,BRL,FWD,FWD,NA,2025,0,0,NA,NA,0,0,0,78.43,422600
298630,193,K.Langford,Kyle,Langford,5,Essendon,ESS,FWD,FWD,NA,2025,0,0,NA,NA,0,0,0,78.35,422200
1006096,182,X.Duursma,Xavier,Duursma,5,Essendon,ESS,MID,MID,NA,2025,0,0,NA,NA,0,0,0,78.33,422100
1000072,288,J.Noble,John,Noble,17,Gold Coast,GCS,DEF,DEF,NA,2025,0,0,NA,NA,0,0,0,78.2,421400
992010,154,B.Maynard,Brayden,Maynard,4,Collingwood,COL,DEF,DEF,NA,2025,0,0,NA,NA,0,0,0,78,420300
1009708,352,J.Buckley,Jack,Buckley,18,GWS Giants,GWS,DEF,DEF,NA,2025,0,0,NA,NA,0,0,0,78,420300
1013974,18,M.Keane,Mark,Keane,1,Adelaide,ADE,DEF,DEF,NA,2025,0,0,NA,NA,0,0,0,77.9,419800
1013464,323,L.Humphries,Lawson,Humphries,7,Geelong,GEE,DEF,DEF,NA,2025,0,0,NA,NA,0,0,0,77.67,418500
1009191,524,M.Bergman,Miles,Bergman,11,Port Adelaide,PTA,DEF/MID,DEF,MID,2025,0,0,NA,NA,0,0,0,77.61,418200
998205,164,H.Perryman,Harry,Perryman,4,Collingwood,COL,DEF,DEF,NA,2025,0,0,NA,NA,0,0,0,77.47,417500
280109,385,C.Ward,Callan,Ward,18,GWS Giants,GWS,MID,MID,NA,2025,0,0,NA,NA,0,0,0,77.39,417000
992059,250,S.Switkowski,Sam,Switkowski,6,Fremantle,FRE,FWD,FWD,NA,2025,0,0,NA,NA,0,0,0,77.3,416500
993993,218,S.Bolton,Shai,Bolton,6,Fremantle,FRE,FWD/MID,FWD,MID,2025,0,0,NA,NA,0,0,0,77.23,416100
993832,126,J.Weitering,Jacob,Weitering,3,Carlton,CAR,DEF,DEF,NA,2025,0,0,NA,NA,0,0,0,77,414900
992351,735,B.Williams,Bailey,Williams,15,Western Bulldogs,WBD,MID,MID,NA,2025,0,0,NA,NA,0,0,0,76.96,414700
1001398,718,M.Kennedy,Matthew,Kennedy,15,Western Bulldogs,WBD,FWD/MID,FWD,MID,2025,0,0,NA,NA,0,0,0,76.91,414400
291783,210,D.Shiel,Dylan,Shiel,5,Essendon,ESS,MID,MID,NA,2025,0,0,NA,NA,0,0,0,76.78,413700
1002264,614,H.Clark,Hunter,Clark,13,St Kilda,STK,MID,MID,NA,2025,0,0,NA,NA,0,0,0,76.45,412000
1007124,419,C.Nash,Conor,Nash,8,Hawthorn,HAW,MID,MID,NA,2025,0,0,NA,NA,0,0,0,76.43,411900
297255,113,M.McGovern,Mitch,McGovern,3,Carlton,CAR,DEF,DEF,NA,2025,0,0,NA,NA,0,0,0,76.41,411700
1015781,479,C.Comben,Charlie,Comben,9,North Melbourne,NTH,DEF,DEF,NA,2025,0,0,NA,NA,0,0,0,76.16,410400
1005577,180,S.Draper,Sam,Draper,5,Essendon,ESS,RUC,RUC,NA,2025,0,0,NA,NA,0,0,0,75.94,409200
1025034,314,O.Dempsey,Oliver,Dempsey,7,Geelong,GEE,MID,MID,NA,2025,0,0,NA,NA,0,0,0,75.74,408100
1003130,150,P.Lipinski,Patrick,Lipinski,4,Collingwood,COL,FWD/MID,FWD,MID,2025,0,0,NA,NA,0,0,0,75.65,407600
993794,403,B.Hardwick,Blake,Hardwick,8,Hawthorn,HAW,DEF,DEF,NA,2025,0,0,NA,NA,0,0,0,75.43,406500
280965,168,S.Sidebottom,Steele,Sidebottom,4,Collingwood,COL,MID,MID,NA,2025,0,0,NA,NA,0,0,0,75.32,405800
294469,520,A.Aliir,Aliir,Aliir,11,Port Adelaide,PTA,DEF,DEF,NA,2025,0,0,NA,NA,0,0,0,75.32,405800
993878,327,S.Mannagh,Shaun,Mannagh,7,Geelong,GEE,FWD,FWD,NA,2025,0,0,NA,NA,0,0,0,75.2,405200
1012862,108,E.Hollands,Elijah,Hollands,3,Carlton,CAR,FWD,FWD,NA,2025,0,0,NA,NA,0,0,0,75.14,404900
298288,161,D.Moore,Darcy,Moore,4,Collingwood,COL,DEF,DEF,NA,2025,0,0,NA,NA,0,0,0,74.83,403200
294643,295,A.Sexton,Alex,Sexton,17,Gold Coast,GCS,DEF,DEF,NA,2025,0,0,NA,NA,0,0,0,74.6,402000
1017094,410,C.Macdonald,Connor,Macdonald,8,Hawthorn,HAW,FWD,FWD,NA,2025,0,0,NA,NA,0,0,0,74.35,400600
290826,745,J.Cripps,Jamie,Cripps,16,West Coast,WCE,FWD,FWD,NA,2025,0,0,NA,NA,0,0,0,74.22,399900
1006058,508,B.Scott,Bailey,Scott,9,North Melbourne,NTH,MID,MID,NA,2025,0,0,NA,NA,0,0,0,73.7,397100
1017396,260,M.Andrew,Mac,Andrew,17,Gold Coast,GCS,DEF,DEF,NA,2025,0,0,NA,NA,0,0,0,73.65,396900
1008541,462,K.Pickett,Kysaiah,Pickett,10,Melbourne,MEL,FWD,FWD,NA,2025,0,0,NA,NA,0,0,0,73.38,395400
291856,160,T.Mitchell,Tom,Mitchell,4,Collingwood,COL,MID,MID,NA,2025,0,0,NA,NA,0,0,0,81.5,395200
1027935,431,J.Weddle,Josh,Weddle,8,Hawthorn,HAW,DEF,DEF,NA,2025,0,0,NA,NA,0,0,0,73.17,394300
993799,271,B.Fiorini,Brayden,Fiorini,17,Gold Coast,GCS,MID,MID,NA,2025,0,0,NA,NA,0,0,0,73.08,393800
1012805,305,T.Bruhn,Tanner,Bruhn,7,Geelong,GEE,MID,MID,NA,2025,0,0,NA,NA,0,0,0,73.07,393700
1017665,297,B.Uwland,Bodhi,Uwland,17,Gold Coast,GCS,DEF,DEF,NA,2025,0,0,NA,NA,0,0,0,72.95,393100
1002403,590,B.Miller,Ben,Miller,12,Richmond,RIC,DEF,DEF,NA,2025,0,0,NA,NA,0,0,0,72.81,392300
997230,341,T.Stengle,Tyson,Stengle,7,Geelong,GEE,FWD,FWD,NA,2025,0,0,NA,NA,0,0,0,72.78,392200
295467,630,J.Macrae,Jack,Macrae,13,St Kilda,STK,FWD,FWD,NA,2025,0,0,NA,NA,0,0,0,72.78,392200
1000864,696,L.Bramble,Lachlan,Bramble,15,Western Bulldogs,WBD,DEF,DEF,NA,2025,0,0,NA,NA,0,0,0,72.74,391900
1006130,339,B.Smith,Bailey,Smith,7,Geelong,GEE,FWD/MID,FWD,MID,2025,0,0,NA,NA,0,0,0,0,389200
295584,625,B.Hill,Bradley,Hill,13,St Kilda,STK,FWD/MID,FWD,MID,2025,0,0,NA,NA,0,0,0,72.09,388500
992128,528,R.Burton,Ryan,Burton,11,Port Adelaide,PTA,DEF,DEF,NA,2025,0,0,NA,NA,0,0,0,71.92,387500
1012857,401,J.Ginnivan,Jack,Ginnivan,8,Hawthorn,HAW,FWD,FWD,NA,2025,0,0,NA,NA,0,0,0,71.81,386900
1023270,648,M.Windhager,Marcus,Windhager,13,St Kilda,STK,MID,MID,NA,2025,0,0,NA,NA,0,0,0,71.47,385100
291548,65,R.Lester,Ryan,Lester,2,Brisbane,BRL,DEF,DEF,NA,2025,0,0,NA,NA,0,0,0,71.39,384700
996232,187,M.Guelfi,Matt,Guelfi,5,Essendon,ESS,FWD,FWD,NA,2025,0,0,NA,NA,0,0,0,71.38,384600
1005247,383,S.Taylor,Sam,Taylor,18,GWS Giants,GWS,DEF,DEF,NA,2025,0,0,NA,NA,0,0,0,71.31,384300
1021031,26,L.Nankervis,Luke,Nankervis,1,Adelaide,ADE,DEF,DEF,NA,2025,0,0,NA,NA,0,0,0,71,382600
1009241,110,B.Kemp,Brodie,Kemp,3,Carlton,CAR,DEF,DEF,NA,2025,0,0,NA,NA,0,0,0,70.8,381500
1002227,624,J.Higgins,Jack,Higgins,13,St Kilda,STK,FWD,FWD,NA,2025,0,0,NA,NA,0,0,0,70.8,381500
1017703,455,J.McVee,Judd,McVee,10,Melbourne,MEL,DEF,DEF,NA,2025,0,0,NA,NA,0,0,0,70.78,381400
1013224,222,H.Chapman,Heath,Chapman,6,Fremantle,FRE,DEF,DEF,NA,2025,0,0,NA,NA,0,0,0,70.69,380900
297899,711,J.Harmes,James,Harmes,15,Western Bulldogs,WBD,FWD/MID,FWD,MID,2025,0,0,NA,NA,0,0,0,70.63,380600
1002404,723,A.Naughton,Aaron,Naughton,15,Western Bulldogs,WBD,FWD,FWD,NA,2025,0,0,NA,NA,0,0,0,70.58,380300
1002312,49,Z.Bailey,Zac,Bailey,2,Brisbane,BRL,FWD/MID,FWD,MID,2025,0,0,NA,NA,0,0,0,70.5,379900
1014026,67,K.Lohmann,Kai,Lohmann,2,Brisbane,BRL,FWD,FWD,NA,2025,0,0,NA,NA,0,0,0,70.48,379800
280317,340,R.Stanley,Rhys,Stanley,7,Geelong,GEE,RUC,RUC,NA,2025,0,0,NA,NA,0,0,0,70.33,379000
281078,716,L.Jones,Liam,Jones,15,Western Bulldogs,WBD,DEF,DEF,NA,2025,0,0,NA,NA,0,0,0,70.3,378800
298281,450,J.Lever,Jake,Lever,10,Melbourne,MEL,DEF,DEF,NA,2025,0,0,NA,NA,0,0,0,70.22,378400
298289,214,P.Wright,Peter,Wright,5,Essendon,ESS,FWD,FWD,NA,2025,0,0,NA,NA,0,0,0,70.21,378300
1010174,537,M.Georgiades,Mitch,Georgiades,11,Port Adelaide,PTA,FWD,FWD,NA,2025,0,0,NA,NA,0,0,0,70.18,378100
271129,185,T.Goldstein,Todd,Goldstein,5,Essendon,ESS,RUC,RUC,NA,2025,0,0,NA,NA,0,0,0,70,377200
1009380,247,J.Sharp,Jeremy,Sharp,6,Fremantle,FRE,MID,MID,NA,2025,0,0,NA,NA,0,0,0,69.96,376900
990740,721,R.Lobb,Rory,Lobb,15,Western Bulldogs,WBD,DEF,DEF,NA,2025,0,0,NA,NA,0,0,0,69.93,376800
295265,106,N.Haynes,Nick,Haynes,3,Carlton,CAR,DEF,DEF,NA,2025,0,0,NA,NA,0,0,0,69.88,376500
1011803,733,C.Weightman,Cody,Weightman,15,Western Bulldogs,WBD,FWD,FWD,NA,2025,0,0,NA,NA,0,0,0,69.81,376200
990827,752,J.Graham,Jack,Graham,16,West Coast,WCE,FWD/MID,FWD,MID,2025,0,0,NA,NA,0,0,0,69.79,376000
1013257,265,S.Clohesy,Sam,Clohesy,17,Gold Coast,GCS,MID,MID,NA,2025,0,0,NA,NA,0,0,0,69.7,375600
296291,326,J.Kolodjashnij,Jake,Kolodjashnij,7,Geelong,GEE,DEF,DEF,NA,2025,0,0,NA,NA,0,0,0,69.45,374200
1023025,751,R.Ginbey,Reuben,Ginbey,16,West Coast,WCE,MID,MID,NA,2025,0,0,NA,NA,0,0,0,69.39,373900
291570,231,N.Fyfe,Nat,Fyfe,6,Fremantle,FRE,MID,MID,NA,2025,0,0,NA,NA,0,0,0,69.18,372800
998484,519,C.Zurhaar,Cameron,Zurhaar,9,North Melbourne,NTH,FWD,FWD,NA,2025,0,0,NA,NA,0,0,0,69,371800
1019938,534,L.Evans,Logan,Evans,11,Port Adelaide,PTA,DEF,DEF,NA,2025,0,0,NA,NA,0,0,0,68.9,371300
1008384,40,R.Thilthorpe,Riley,Thilthorpe,1,Adelaide,ADE,FWD,FWD,NA,2025,0,0,NA,NA,0,0,0,76.43,370600
1027704,707,J.Freijah,Joel,Freijah,15,Western Bulldogs,WBD,DEF,DEF,NA,2025,0,0,NA,NA,0,0,0,68.75,370400
291776,650,T.Adams,Taylor,Adams,14,Sydney,SYD,FWD/MID,FWD,MID,2025,0,0,NA,NA,0,0,0,68.68,370100
1006114,776,B.Williams,Bailey J.,Williams,16,West Coast,WCE,RUC,RUC,NA,2025,0,0,NA,NA,0,0,0,68.61,369700
1003203,680,H.McLean,Hayden,McLean,14,Sydney,SYD,FWD,FWD,NA,2025,0,0,NA,NA,0,0,0,68.43,368700
1006533,709,R.Garcia,Riley,Garcia,15,Western Bulldogs,WBD,FWD,FWD,NA,2025,0,0,NA,NA,0,0,0,68.36,368400
298409,241,A.Pearce,Alex,Pearce,6,Fremantle,FRE,DEF,DEF,NA,2025,0,0,NA,NA,0,0,0,68.33,368200
296733,303,M.Blicavs,Mark,Blicavs,7,Geelong,GEE,MID,MID,NA,2025,0,0,NA,NA,0,0,0,68.18,367400
294685,127,Z.Williams,Zac,Williams,3,Carlton,CAR,DEF/FWD,DEF,FWD,2025,0,0,NA,NA,0,0,0,68,366400
1013409,672,J.Jordon,James,Jordon,14,Sydney,SYD,FWD/MID,FWD,MID,2025,0,0,NA,NA,0,0,0,67.87,365700
1002143,198,B.McKay,Ben,McKay,5,Essendon,ESS,DEF,DEF,NA,2025,0,0,NA,NA,0,0,0,67.74,365000
999331,14,D.Fogarty,Darcy,Fogarty,1,Adelaide,ADE,FWD,FWD,NA,2025,0,0,NA,NA,0,0,0,67.52,363800
1004095,543,J.Lukosius,Jack,Lukosius,11,Port Adelaide,PTA,FWD,FWD,NA,2025,0,0,NA,NA,0,0,0,67.38,363100
997100,670,W.Hayward,Will,Hayward,14,Sydney,SYD,FWD,FWD,NA,2025,0,0,NA,NA,0,0,0,67.35,362900
298280,194,J.Laverde,Jayden,Laverde,5,Essendon,ESS,DEF,DEF,NA,2025,0,0,NA,NA,0,0,0,67.33,362800
1009229,313,S.De Koning,Sam,De Koning,7,Geelong,GEE,DEF,DEF,NA,2025,0,0,NA,NA,0,0,0,67.16,361900
295203,569,N.Broad,Nathan,Broad,12,Richmond,RIC,DEF,DEF,NA,2025,0,0,NA,NA,0,0,0,67.14,361800
993820,744,T.Cole,Tom,Cole,16,West Coast,WCE,DEF,DEF,NA,2025,0,0,NA,NA,0,0,0,67.13,361700
1000937,319,J.Henry,Jack,Henry,7,Geelong,GEE,DEF,DEF,NA,2025,0,0,NA,NA,0,0,0,66.87,360300
1015329,11,B.Dowling,Billy,Dowling,1,Adelaide,ADE,MID,MID,NA,2025,0,0,NA,NA,0,0,0,66.78,359800
994385,758,J.Hunt,Jayden,Hunt,16,West Coast,WCE,DEF/MID,DEF,MID,2025,0,0,NA,NA,0,0,0,66.65,359100
296355,500,L.McDonald,Luke,McDonald,9,North Melbourne,NTH,DEF,DEF,NA,2025,0,0,NA,NA,0,0,0,66.36,357600
993905,682,C.Mills,Callum,Mills,14,Sydney,SYD,DEF,DEF,NA,2025,0,0,NA,NA,0,0,0,73.67,357200
998130,258,B.Ainsworth,Ben,Ainsworth,17,Gold Coast,GCS,FWD,FWD,NA,2025,0,0,NA,NA,0,0,0,66,355600
1015370,21,M.Michalanney,Max,Michalanney,1,Adelaide,ADE,DEF,DEF,NA,2025,0,0,NA,NA,0,0,0,65.96,355400
993816,514,D.Tucker,Darcy,Tucker,9,North Melbourne,NTH,DEF/MID,DEF,MID,2025,0,0,NA,NA,0,0,0,65.96,355400
1009301,731,J.Ugle-Hagan,Jamarra,Ugle-Hagan,15,Western Bulldogs,WBD,FWD,FWD,NA,2025,0,0,NA,NA,0,0,0,65.95,355400
291720,145,W.Hoskin-Elliott,Will,Hoskin-Elliott,4,Collingwood,COL,FWD,FWD,NA,2025,0,0,NA,NA,0,0,0,65.6,353500
1005992,279,J.Jeffrey,Joel,Jeffrey,17,Gold Coast,GCS,DEF,DEF,NA,2025,0,0,NA,NA,0,0,0,65.58,353400
1023473,430,N.Watson,Nick,Watson,8,Hawthorn,HAW,FWD,FWD,NA,2025,0,0,NA,NA,0,0,0,65.5,352900
1006013,29,J.Peatling,James,Peatling,1,Adelaide,ADE,MID,MID,NA,2025,0,0,NA,NA,0,0,0,65.47,352800
1027875,647,D.Wilson,Darcy,Wilson,13,St Kilda,STK,FWD/MID,FWD,MID,2025,0,0,NA,NA,0,0,0,65.3,351900
294613,240,J.O'Meara,Jaeger,O'Meara,6,Fremantle,FRE,MID,MID,NA,2025,0,0,NA,NA,0,0,0,65.23,351500
1020650,369,D.Jones,Darcy,Jones,18,GWS Giants,GWS,FWD,FWD,NA,2025,0,0,NA,NA,0,0,0,65.17,351100
1006127,734,R.West,Rhylee,West,15,Western Bulldogs,WBD,FWD,FWD,NA,2025,0,0,NA,NA,0,0,0,65.14,351000
997033,224,B.Cox,Brennan,Cox,6,Fremantle,FRE,DEF,DEF,NA,2025,0,0,NA,NA,0,0,0,65.11,350800
999391,468,T.Sparrow,Tom,Sparrow,10,Melbourne,MEL,MID,MID,NA,2025,0,0,NA,NA,0,0,0,64.62,348200
1015873,203,A.Perkins,Archie,Perkins,5,Essendon,ESS,MID,MID,NA,2025,0,0,NA,NA,0,0,0,64.61,348100
298437,44,C.Ah Chee,Callum,Ah Chee,2,Brisbane,BRL,FWD,FWD,NA,2025,0,0,NA,NA,0,0,0,64.45,347300
280506,41,T.Walker,Taylor,Walker,1,Adelaide,ADE,FWD,FWD,NA,2025,0,0,NA,NA,0,0,0,64.44,347200
993953,63,E.Hipwood,Eric,Hipwood,2,Brisbane,BRL,FWD,FWD,NA,2025,0,0,NA,NA,0,0,0,64.4,347000
294508,480,A.Corr,Aidan,Corr,9,North Melbourne,NTH,DEF,DEF,NA,2025,0,0,NA,NA,0,0,0,64.35,346700
1023708,59,J.Fletcher,Jaspa,Fletcher,2,Brisbane,BRL,MID,MID,NA,2025,0,0,NA,NA,0,0,0,64.26,346300
1004034,562,B.Zerk-Thatcher,Brandon,Zerk-Thatcher,11,Port Adelaide,PTA,DEF,DEF,NA,2025,0,0,NA,NA,0,0,0,64.09,345300
1017051,31,J.Rachele,Josh,Rachele,1,Adelaide,ADE,FWD,FWD,NA,2025,0,0,NA,NA,0,0,0,63.82,343900
1008882,261,C.Ballard,Charlie,Ballard,17,Gold Coast,GCS,DEF,DEF,NA,2025,0,0,NA,NA,0,0,0,63.83,343900
1023272,634,M.Owens,Mitch,Owens,13,St Kilda,STK,FWD,FWD,NA,2025,0,0,NA,NA,0,0,0,63.83,343900
290778,503,L.Parker,Luke,Parker,9,North Melbourne,NTH,FWD/MID,FWD,MID,2025,0,0,NA,NA,0,0,0,70.86,343600
991930,530,D.Byrne-Jones,Darcy,Byrne-Jones,11,Port Adelaide,PTA,FWD,FWD,NA,2025,0,0,NA,NA,0,0,0,63.74,343400
291748,36,B.Smith,Brodie,Smith,1,Adelaide,ADE,DEF,DEF,NA,2025,0,0,NA,NA,0,0,0,63.67,343100
1017063,311,T.Conway,Toby,Conway,7,Geelong,GEE,RUC,RUC,NA,2025,0,0,NA,NA,0,0,0,79.6,343100
1012807,1,S.Berry,Sam,Berry,1,Adelaide,ADE,MID,MID,NA,2025,0,0,NA,NA,0,0,0,63.61,342800
293801,140,J.Elliott,Jamie,Elliott,4,Collingwood,COL,FWD,FWD,NA,2025,0,0,NA,NA,0,0,0,63.53,342300
994077,396,M.Chol,Mabior,Chol,8,Hawthorn,HAW,FWD,FWD,NA,2025,0,0,NA,NA,0,0,0,63.43,341800
294596,158,T.Membrey,Tim,Membrey,4,Collingwood,COL,FWD,FWD,NA,2025,0,0,NA,NA,0,0,0,63.42,341700
1026960,274,W.Graham,Will,Graham,17,Gold Coast,GCS,MID,MID,NA,2025,0,0,NA,NA,0,0,0,63.41,341700
1008198,677,T.McCartin,Tom,McCartin,14,Sydney,SYD,DEF,DEF,NA,2025,0,0,NA,NA,0,0,0,63.42,341700
1016825,233,M.Johnson,Matthew,Johnson,6,Fremantle,FRE,MID,MID,NA,2025,0,0,NA,NA,0,0,0,63.37,341500
1008454,264,C.Budarick,Connor,Budarick,17,Gold Coast,GCS,DEF,DEF,NA,2025,0,0,NA,NA,0,0,0,63.38,341500
993940,253,C.Wagner,Corey,Wagner,6,Fremantle,FRE,DEF,DEF,NA,2025,0,0,NA,NA,0,0,0,63.33,341300
1005330,438,K.Chandler,Kade,Chandler,10,Melbourne,MEL,FWD,FWD,NA,2025,0,0,NA,NA,0,0,0,63.22,340600
293884,382,J.Stringer,Jake,Stringer,18,GWS Giants,GWS,FWD,FWD,NA,2025,0,0,NA,NA,0,0,0,63.13,340200
997316,129,L.Young,Lewis,Young,3,Carlton,CAR,DEF,DEF,NA,2025,0,0,NA,NA,0,0,0,63.13,340100
293581,69,L.McCarthy,Lincoln,McCarthy,2,Brisbane,BRL,FWD,FWD,NA,2025,0,0,NA,NA,0,0,0,63,339500
1017939,727,R.Sanders,Ryley,Sanders,15,Western Bulldogs,WBD,FWD/MID,FWD,MID,2025,0,0,NA,NA,0,0,0,62.93,339100
1023515,208,A.Roberts,Archie,Roberts,5,Essendon,ESS,DEF/MID,DEF,MID,2025,0,0,NA,NA,0,0,0,78.5,338400
1013230,678,L.McDonald,Logan,McDonald,14,Sydney,SYD,FWD,FWD,NA,2025,0,0,NA,NA,0,0,0,62.74,338100
1002347,76,J.Payne,Jack,Payne,2,Brisbane,BRL,DEF,DEF,NA,2025,0,0,NA,NA,0,0,0,62.71,337900
1012825,435,J.Bowey,Jake,Bowey,10,Melbourne,MEL,DEF,DEF,NA,2025,0,0,NA,NA,0,0,0,62.71,337900
1006148,144,B.Hill,Bobby,Hill,4,Collingwood,COL,FWD,FWD,NA,2025,0,0,NA,NA,0,0,0,62.7,337800
1023167,757,B.Hough,Brady,Hough,16,West Coast,WCE,DEF,DEF,NA,2025,0,0,NA,NA,0,0,0,62.57,337100
998180,217,B.Banfield,Bailey,Banfield,6,Fremantle,FRE,FWD,FWD,NA,2025,0,0,NA,NA,0,0,0,62.5,336800
1012829,505,W.Phillips,Will,Phillips,9,North Melbourne,NTH,MID,MID,NA,2025,0,0,NA,NA,0,0,0,62.45,336500
1009029,3,J.Borlase,James,Borlase,1,Adelaide,ADE,DEF,DEF,NA,2025,0,0,NA,NA,0,0,0,62.3,335700
1002245,565,N.Balta,Noah,Balta,12,Richmond,RIC,DEF/FWD,DEF,FWD,2025,0,0,NA,NA,0,0,0,62.16,334900
1005988,623,L.Henry,Liam,Henry,13,St Kilda,STK,FWD,FWD,NA,2025,0,0,NA,NA,0,0,0,62,334100
1023495,109,O.Hollands,Oliver,Hollands,3,Carlton,CAR,MID,MID,NA,2025,0,0,NA,NA,0,0,0,61.86,333300
1013268,267,A.Davies,Alex,Davies,17,Gold Coast,GCS,MID,MID,NA,2025,0,0,NA,NA,0,0,0,68.71,333200
295067,215,J.Aish,James,Aish,6,Fremantle,FRE,DEF,DEF,NA,2025,0,0,NA,NA,0,0,0,61.8,333000
290757,645,J.Webster,Jimmy,Webster,13,St Kilda,STK,DEF,DEF,NA,2025,0,0,NA,NA,0,0,0,61.73,332600
1009015,722,L.McNeil,Lachlan,McNeil,15,Western Bulldogs,WBD,FWD,FWD,NA,2025,0,0,NA,NA,0,0,0,61.64,332100
1017720,471,J.van Rooyen,Jacob,van Rooyen,10,Melbourne,MEL,FWD,FWD,NA,2025,0,0,NA,NA,0,0,0,61.43,331000
1008139,349,T.Bedford,Toby,Bedford,18,GWS Giants,GWS,FWD/MID,FWD,MID,2025,0,0,NA,NA,0,0,0,61.27,330200
1002228,105,L.Fogarty,Lachie,Fogarty,3,Carlton,CAR,FWD,FWD,NA,2025,0,0,NA,NA,0,0,0,61.27,330100
1009410,254,B.Walker,Brandon,Walker,6,Fremantle,FRE,DEF,DEF,NA,2025,0,0,NA,NA,0,0,0,61.11,329300
1021353,97,L.Cowan,Lachlan,Cowan,3,Carlton,CAR,DEF,DEF,NA,2025,0,0,NA,NA,0,0,0,61.06,329000
1005326,546,J.Mead,Jackson,Mead,11,Port Adelaide,PTA,FWD/MID,FWD,MID,2025,0,0,NA,NA,0,0,0,61.04,328900
999326,310,B.Close,Brad,Close,7,Geelong,GEE,FWD,FWD,NA,2025,0,0,NA,NA,0,0,0,60.96,328500
1001017,497,N.Larkey,Nick,Larkey,9,North Melbourne,NTH,FWD,FWD,NA,2025,0,0,NA,NA,0,0,0,60.96,328500
991988,627,Z.Jones,Zak,Jones,13,St Kilda,STK,MID,MID,NA,2025,0,0,NA,NA,0,0,0,60.92,328300
1023482,411,C.Mackenzie,Cam,Mackenzie,8,Hawthorn,HAW,MID,MID,NA,2025,0,0,NA,NA,0,0,0,60.85,327900
1000860,167,L.Schultz,Lachie,Schultz,4,Collingwood,COL,FWD,FWD,NA,2025,0,0,NA,NA,0,0,0,60.75,327300
1002256,618,P.Dow,Paddy,Dow,13,St Kilda,STK,MID,MID,NA,2025,0,0,NA,NA,0,0,0,60.7,327100
1002795,90,J.Boyd,Jordan,Boyd,3,Carlton,CAR,DEF,DEF,NA,2025,0,0,NA,NA,0,0,0,60.68,327000
296225,552,W.Rioli,Willie,Rioli,11,Port Adelaide,PTA,FWD,FWD,NA,2025,0,0,NA,NA,0,0,0,60.65,326800
1011994,611,R.Byrnes,Ryan,Byrnes,13,St Kilda,STK,MID,MID,NA,2025,0,0,NA,NA,0,0,0,60.4,325500
291849,159,B.Mihocek,Brody,Mihocek,4,Collingwood,COL,FWD,FWD,NA,2025,0,0,NA,NA,0,0,0,60.36,325300
290085,705,T.Duryea,Taylor,Duryea,15,Western Bulldogs,WBD,DEF,DEF,NA,2025,0,0,NA,NA,0,0,0,60.19,324300
1006203,17,C.Jones,Chayce,Jones,1,Adelaide,ADE,MID,MID,NA,2025,0,0,NA,NA,0,0,0,59.75,322000
1008478,587,R.Mansell,Rhyan,Mansell,12,Richmond,RIC,FWD,FWD,NA,2025,0,0,NA,NA,0,0,0,59.76,322000
1009226,574,T.Dow,Thomson,Dow,12,Richmond,RIC,MID,MID,NA,2025,0,0,NA,NA,0,0,0,59.65,321400
1027821,474,C.Windsor,Caleb,Windsor,10,Melbourne,MEL,MID,MID,NA,2025,0,0,NA,NA,0,0,0,59.63,321300
1008691,345,L.Aleer,Leek,Aleer,18,GWS Giants,GWS,DEF,DEF,NA,2025,0,0,NA,NA,0,0,0,59.38,319900
993480,626,D.Howard,Dougal,Howard,13,St Kilda,STK,DEF,DEF,NA,2025,0,0,NA,NA,0,0,0,59.33,319700
993917,285,B.Long,Ben,Long,17,Gold Coast,GCS,FWD,FWD,NA,2025,0,0,NA,NA,0,0,0,59.12,318500
298421,186,J.Gresham,Jade,Gresham,5,Essendon,ESS,FWD,FWD,NA,2025,0,0,NA,NA,0,0,0,59.09,318400
1006144,281,B.King,Ben,King,17,Gold Coast,GCS,FWD,FWD,NA,2025,0,0,NA,NA,0,0,0,59.09,318400
1002947,481,P.Curtis,Paul,Curtis,9,North Melbourne,NTH,FWD,FWD,NA,2025,0,0,NA,NA,0,0,0,59.04,318100
291351,402,J.Gunston,Jack,Gunston,8,Hawthorn,HAW,FWD,FWD,NA,2025,0,0,NA,NA,0,0,0,59,317900
1002220,550,E.Ratugolea,Esava,Ratugolea,11,Port Adelaide,PTA,DEF,DEF,NA,2025,0,0,NA,NA,0,0,0,58.55,315500
1008089,165,I.Quaynor,Isaac,Quaynor,4,Collingwood,COL,DEF,DEF,NA,2025,0,0,NA,NA,0,0,0,58.52,315300
990609,53,C.Cameron,Charlie,Cameron,2,Brisbane,BRL,FWD,FWD,NA,2025,0,0,NA,NA,0,0,0,58.35,314400
1016433,333,S.Neale,Shannon,Neale,7,Geelong,GEE,FWD,FWD,NA,2025,0,0,NA,NA,0,0,0,58.23,313800
1020137,635,M.Phillipou,Mattaes,Phillipou,13,St Kilda,STK,FWD/MID,FWD,MID,2025,0,0,NA,NA,0,0,0,58.23,313800
1017122,443,B.Howes,Blake,Howes,10,Melbourne,MEL,DEF,DEF,NA,2025,0,0,NA,NA,0,0,0,58.06,312900
1023640,469,K.Tholstrup,Koltyn,Tholstrup,10,Melbourne,MEL,FWD,FWD,NA,2025,0,0,NA,NA,0,0,0,58,312500
998390,407,C.Jiath,Changkuoth,Jiath,8,Hawthorn,HAW,MID,MID,NA,2025,0,0,NA,NA,0,0,0,57.64,310600
296351,434,J.Billings,Jack,Billings,10,Melbourne,MEL,FWD/MID,FWD,MID,2025,0,0,NA,NA,0,0,0,57.63,310500
1006133,595,J.Ross,Jack,Ross,12,Richmond,RIC,MID,MID,NA,2025,0,0,NA,NA,0,0,0,64,310400
1008123,378,J.Riccardi,Jake,Riccardi,18,GWS Giants,GWS,FWD,FWD,NA,2025,0,0,NA,NA,0,0,0,57.37,309100
1008239,551,J.Richards,Joe,Richards,11,Port Adelaide,PTA,FWD,FWD,NA,2025,0,0,NA,NA,0,0,0,57.33,308900
998647,133,M.Cox,Mason,Cox,4,Collingwood,COL,FWD/RUC,FWD,RUC,2025,0,0,NA,NA,0,0,0,57.13,307800
1005053,46,N.Answerth,Noah,Answerth,2,Brisbane,BRL,DEF,DEF,NA,2025,0,0,NA,NA,0,0,0,56.92,306700
1011755,191,H.Jones,Harrison,Jones,5,Essendon,ESS,FWD,FWD,NA,2025,0,0,NA,NA,0,0,0,56.9,306600
290307,686,D.Rampe,Dane,Rampe,14,Sydney,SYD,DEF,DEF,NA,2025,0,0,NA,NA,0,0,0,56.83,306200
298111,536,J.Finlayson,Jeremy,Finlayson,11,Port Adelaide,PTA,FWD,FWD,NA,2025,0,0,NA,NA,0,0,0,56.75,305800
1011954,173,N.Bryan,Nick,Bryan,5,Essendon,ESS,RUC,RUC,NA,2025,0,0,NA,NA,0,0,0,70.8,305200
1007102,334,M.O'Connor,Mark,O'Connor,7,Geelong,GEE,DEF/MID,DEF,MID,2025,0,0,NA,NA,0,0,0,56.54,304600
1004364,772,L.Ryan,Liam,Ryan,16,West Coast,WCE,FWD,FWD,NA,2025,0,0,NA,NA,0,0,0,56.44,304100
1018018,638,C.Sharman,Cooper,Sharman,13,St Kilda,STK,FWD,FWD,NA,2025,0,0,NA,NA,0,0,0,56.33,303500
291753,56,S.Day,Sam,Day,2,Brisbane,BRL,FWD,FWD,NA,2025,0,0,NA,NA,0,0,0,70.2,302600
1017086,570,T.Brown,Tom,Brown,12,Richmond,RIC,DEF,DEF,NA,2025,0,0,NA,NA,0,0,0,56.06,302000
1000998,23,L.Murphy,Lachlan,Murphy,1,Adelaide,ADE,FWD,FWD,NA,2025,0,0,NA,NA,0,0,0,56,301700
997846,72,C.McKenna,Conor,McKenna,2,Brisbane,BRL,DEF,DEF,NA,2025,0,0,NA,NA,0,0,0,56,301700
298524,299,L.Weller,Lachie,Weller,17,Gold Coast,GCS,DEF,DEF,NA,2025,0,0,NA,NA,0,0,0,62.17,301500
1011437,749,H.Edwards,Harry,Edwards,16,West Coast,WCE,DEF,DEF,NA,2025,0,0,NA,NA,0,0,0,55.89,301100
1006143,629,M.King,Max,King,13,St Kilda,STK,FWD,FWD,NA,2025,0,0,NA,NA,0,0,0,55.75,300400
290838,483,J.Darling,Jack,Darling,9,North Melbourne,NTH,FWD,FWD,NA,2025,0,0,NA,NA,0,0,0,55.57,299400
1008091,651,J.Amartey,Joel,Amartey,14,Sydney,SYD,FWD,FWD,NA,2025,0,0,NA,NA,0,0,0,55.55,299300
1004385,737,O.Allen,Oscar,Allen,16,West Coast,WCE,FWD,FWD,NA,2025,0,0,NA,NA,0,0,0,55.45,298800
1004530,387,J.Wehr,Jacob,Wehr,18,GWS Giants,GWS,MID,MID,NA,2025,0,0,NA,NA,0,0,0,55.36,298300
1002401,82,B.Starcevich,Brandon,Starcevich,2,Brisbane,BRL,DEF,DEF,NA,2025,0,0,NA,NA,0,0,0,55.18,297300
1009197,138,C.Dean,Charlie,Dean,4,Collingwood,COL,DEF,DEF,NA,2025,0,0,NA,NA,0,0,0,55.13,297000
1005199,276,E.Himmelberg,Elliott,Himmelberg,17,Gold Coast,GCS,FWD,FWD,NA,2025,0,0,NA,NA,0,0,0,54.78,295200
1004998,544,T.Marshall,Todd,Marshall,11,Port Adelaide,PTA,FWD,FWD,NA,2025,0,0,NA,NA,0,0,0,54.67,294600
1009551,594,M.Rioli,Maurice,Rioli,12,Richmond,RIC,FWD,FWD,NA,2025,0,0,NA,NA,0,0,0,54.67,294600
1001438,439,B.Fritsch,Bayley,Fritsch,10,Melbourne,MEL,FWD,FWD,NA,2025,0,0,NA,NA,0,0,0,54.61,294300
1008154,96,M.Cottrell,Matthew,Cottrell,3,Carlton,CAR,FWD/MID,FWD,MID,2025,0,0,NA,NA,0,0,0,54.57,294000
1008747,585,M.Lefau,Mykelti,Lefau,12,Richmond,RIC,FWD,FWD,NA,2025,0,0,NA,NA,0,0,0,54.3,292600
291978,659,H.Cunningham,Harry,Cunningham,14,Sydney,SYD,DEF,DEF,NA,2025,0,0,NA,NA,0,0,0,54.3,292600
1020594,216,J.Amiss,Jye,Amiss,6,Fremantle,FRE,FWD,FWD,NA,2025,0,0,NA,NA,0,0,0,54.27,292400
1008230,24,N.Murray,Nick,Murray,1,Adelaide,ADE,DEF,DEF,NA,2025,0,0,NA,NA,0,0,0,54.22,292200
1000963,417,H.Morrison,Harry,Morrison,8,Hawthorn,HAW,MID,MID,NA,2025,0,0,NA,NA,0,0,0,54.1,291500
1004995,5,J.Butts,Jordon,Butts,1,Adelaide,ADE,DEF,DEF,NA,2025,0,0,NA,NA,0,0,0,53.87,290300
1004757,155,B.McCreery,Beau,McCreery,4,Collingwood,COL,FWD,FWD,NA,2025,0,0,NA,NA,0,0,0,53.88,290300
297456,277,N.Holman,Nick,Holman,17,Gold Coast,GCS,FWD/MID,FWD,MID,2025,0,0,NA,NA,0,0,0,53.81,289900
1028019,74,L.Morris,Logan,Morris,2,Brisbane,BRL,FWD,FWD,NA,2025,0,0,NA,NA,0,0,0,53.73,289500
1023784,612,A.Caminiti,Anthony,Caminiti,13,St Kilda,STK,FWD,FWD,NA,2025,0,0,NA,NA,0,0,0,53.53,288500
1020371,777,J.Williams,Jack,Williams,16,West Coast,WCE,FWD,FWD,NA,2025,0,0,NA,NA,0,0,0,53.5,288300
1013973,767,M.Owies,Matthew,Owies,16,West Coast,WCE,FWD,FWD,NA,2025,0,0,NA,NA,0,0,0,53.48,288200
1001396,8,I.Cumming,Isaac,Cumming,1,Adelaide,ADE,MID,MID,NA,2025,0,0,NA,NA,0,0,0,66.75,287700
1011583,540,L.Jones,Lachie,Jones,11,Port Adelaide,PTA,DEF,DEF,NA,2025,0,0,NA,NA,0,0,0,53.39,287700
1013611,249,S.Sturt,Sam,Sturt,6,Fremantle,FRE,FWD,FWD,NA,2025,0,0,NA,NA,0,0,0,53,285600
1017110,429,J.Ward,Josh,Ward,8,Hawthorn,HAW,MID,MID,NA,2025,0,0,NA,NA,0,0,0,52.8,284500
1011985,593,H.Ralphsmith,Hugo,Ralphsmith,12,Richmond,RIC,MID,MID,NA,2025,0,0,NA,NA,0,0,0,52.78,284400
1008312,641,L.Stocker,Liam,Stocker,13,St Kilda,STK,DEF,DEF,NA,2025,0,0,NA,NA,0,0,0,52.63,283600
998480,171,L.Sullivan,Lachlan,Sullivan,4,Collingwood,COL,MID,MID,NA,2025,0,0,NA,NA,0,0,0,52.6,283400
1012833,489,E.Ford,Eddie,Ford,9,North Melbourne,NTH,FWD,FWD,NA,2025,0,0,NA,NA,0,0,0,52.5,282900
1012144,485,K.Dawson,Kallan,Dawson,9,North Melbourne,NTH,DEF,DEF,NA,2025,0,0,NA,NA,0,0,0,52.45,282600
996743,681,L.Melican,Lewis,Melican,14,Sydney,SYD,DEF,DEF,NA,2025,0,0,NA,NA,0,0,0,52.43,282500
1006135,375,X.O'Halloran,Xavier,O'Halloran,18,GWS Giants,GWS,FWD/MID,FWD,MID,2025,0,0,NA,NA,0,0,0,52.24,281500
1027925,384,H.Thomas,Harvey,Thomas,18,GWS Giants,GWS,FWD,FWD,NA,2025,0,0,NA,NA,0,0,0,52.23,281400
1011589,725,C.Poulter,Caleb,Poulter,15,Western Bulldogs,WBD,MID,MID,NA,2025,0,0,NA,NA,0,0,0,58,281300
1012860,320,O.Henry,Oliver,Henry,7,Geelong,GEE,FWD,FWD,NA,2025,0,0,NA,NA,0,0,0,52,280200
1027899,174,N.Caddy,Nate,Caddy,5,Essendon,ESS,FWD,FWD,NA,2025,0,0,NA,NA,0,0,0,51.9,279700
1008893,461,H.Petty,Harrison,Petty,10,Melbourne,MEL,FWD,FWD,NA,2025,0,0,NA,NA,0,0,0,51.8,279100
1032966,724,J.O'Donnell,James,O'Donnell,15,Western Bulldogs,WBD,DEF,DEF,NA,2025,0,0,NA,NA,0,0,0,51.69,278500
290550,317,C.Guthrie,Cameron,Guthrie,7,Geelong,GEE,MID,MID,NA,2025,0,0,NA,NA,0,0,0,64.5,278000
991773,141,B.Frampton,Billy,Frampton,4,Collingwood,COL,DEF,DEF,NA,2025,0,0,NA,NA,0,0,0,51.22,276000
1032100,399,C.Dear,Calsher,Dear,8,Hawthorn,HAW,FWD,FWD,NA,2025,0,0,NA,NA,0,0,0,51.2,275900
1006100,263,T.Berry,Thomas,Berry,17,Gold Coast,GCS,FWD,FWD,NA,2025,0,0,NA,NA,0,0,0,51.18,275800
1009317,78,B.Reville,Bruce,Reville,2,Brisbane,BRL,MID,MID,NA,2025,0,0,NA,NA,0,0,0,51.17,275700
1031829,604,J.Trezise,James,Trezise,12,Richmond,RIC,DEF,DEF,NA,2025,0,0,NA,NA,0,0,0,56.71,275000
280824,456,J.Melksham,Jake,Melksham,10,Melbourne,MEL,FWD,FWD,NA,2025,0,0,NA,NA,0,0,0,51,274800
1006550,768,J.Petruccelle,Jack,Petruccelle,16,West Coast,WCE,FWD,FWD,NA,2025,0,0,NA,NA,0,0,0,50.63,272800
1006030,583,J.Koschitzke,Jacob,Koschitzke,12,Richmond,RIC,FWD,FWD,NA,2025,0,0,NA,NA,0,0,0,50.57,272500
999321,230,M.Frederick,Michael,Frederick,6,Fremantle,FRE,FWD,FWD,NA,2025,0,0,NA,NA,0,0,0,50.4,271600
998782,719,B.Khamis,Buku,Khamis,15,Western Bulldogs,WBD,DEF,DEF,NA,2025,0,0,NA,NA,0,0,0,50.41,271600
1023275,571,S.Campbell,Seth,Campbell,12,Richmond,RIC,FWD,FWD,NA,2025,0,0,NA,NA,0,0,0,50.24,270700
1024279,637,A.Schoenmaker,Arie,Schoenmaker,13,St Kilda,STK,DEF,DEF,NA,2025,0,0,NA,NA,0,0,0,62.75,270500
1023500,278,B.Humphrey,Bailey,Humphrey,17,Gold Coast,GCS,FWD,FWD,NA,2025,0,0,NA,NA,0,0,0,50.19,270400
1013133,657,B.Campbell,Braeden,Campbell,14,Sydney,SYD,MID,MID,NA,2025,0,0,NA,NA,0,0,0,50.05,269700
1006059,54,K.Coleman,Keidean,Coleman,2,Brisbane,BRL,DEF,DEF,NA,2025,0,0,NA,NA,0,0,0,37,269100
295136,482,C.Daniel,Caleb,Daniel,9,North Melbourne,NTH,FWD/MID,FWD,MID,2025,0,0,NA,NA,0,0,0,49.93,269100
1015827,177,N.Cox,Nik,Cox,5,Essendon,ESS,MID,MID,NA,2025,0,0,NA,NA,0,0,0,49.75,268100
1020668,228,J.Draper,Joshua,Draper,6,Fremantle,FRE,DEF,DEF,NA,2025,0,0,NA,NA,0,0,0,49.65,267500
291848,663,R.Fox,Robbie,Fox,14,Sydney,SYD,DEF/FWD,DEF,FWD,2025,0,0,NA,NA,0,0,0,49.44,266400
1018335,6,B.Cook,Brayden,Cook,1,Adelaide,ADE,FWD,FWD,NA,2025,0,0,NA,NA,0,0,0,49.27,265500
1014038,351,C.Brown,Callum M.,Brown,18,GWS Giants,GWS,FWD,FWD,NA,2025,0,0,NA,NA,0,0,0,49.15,264900
1016268,95,A.Cincotta,Alex,Cincotta,3,Carlton,CAR,DEF,DEF,NA,2025,0,0,NA,NA,0,0,0,48.94,263700
997142,674,P.Ladhams,Peter,Ladhams,14,Sydney,SYD,FWD/RUC,FWD,RUC,2025,0,0,NA,NA,0,0,0,38,262800
1017088,189,B.Hobbs,Ben,Hobbs,5,Essendon,ESS,FWD,FWD,NA,2025,0,0,NA,NA,0,0,0,48.75,262700
293738,400,S.Frost,Sam,Frost,8,Hawthorn,HAW,DEF,DEF,NA,2025,0,0,NA,NA,0,0,0,48.74,262600
993902,750,M.Flynn,Matt,Flynn,16,West Coast,WCE,RUC,RUC,NA,2025,0,0,NA,NA,0,0,0,60.75,261900
1013165,458,A.Moniz-Wakefield,Andy,Moniz-Wakefield,10,Melbourne,MEL,DEF,DEF,NA,2025,0,0,NA,NA,0,0,0,53.67,260300
1001028,123,J.Silvagni,Jack,Silvagni,3,Carlton,CAR,FWD,FWD,NA,2025,0,0,NA,NA,0,0,0,0,259800
1005000,732,L.Vandermeer,Laitham,Vandermeer,15,Western Bulldogs,WBD,FWD,FWD,NA,2025,0,0,NA,NA,0,0,0,48.17,259600
297504,157,D.McStay,Daniel,McStay,4,Collingwood,COL,FWD,FWD,NA,2025,0,0,NA,NA,0,0,0,60.2,259500
1009421,412,F.Maginness,Finn,Maginness,8,Hawthorn,HAW,FWD/MID,FWD,MID,2025,0,0,NA,NA,0,0,0,48,258600
1004848,511,D.Stephens,Dylan,Stephens,9,North Melbourne,NTH,MID,MID,NA,2025,0,0,NA,NA,0,0,0,48,258600
1019038,353,A.Cadman,Aaron,Cadman,18,GWS Giants,GWS,FWD,FWD,NA,2025,0,0,NA,NA,0,0,0,47.71,257100
1008855,694,O.Baker,Oskar,Baker,15,Western Bulldogs,WBD,MID,MID,NA,2025,0,0,NA,NA,0,0,0,53,257000
1000932,57,T.Doedee,Tom,Doedee,2,Brisbane,BRL,DEF,DEF,NA,2025,0,0,NA,NA,0,0,0,0,256800
1011243,760,C.Jamieson,Callum,Jamieson,16,West Coast,WCE,DEF,DEF,NA,2025,0,0,NA,NA,0,0,0,59,254300
990882,22,W.Milera,Wayne,Milera,1,Adelaide,ADE,DEF,DEF,NA,2025,0,0,NA,NA,0,0,0,67.33,254000
1032108,112,C.Lord,Cooper,Lord,3,Carlton,CAR,MID,MID,NA,2025,0,0,NA,NA,0,0,0,78.5,253800
298358,153,O.Markov,Oleg,Markov,4,Collingwood,COL,DEF,DEF,NA,2025,0,0,NA,NA,0,0,0,47,253300
1013197,566,S.Banks,Sam,Banks,12,Richmond,RIC,MID,MID,NA,2025,0,0,NA,NA,0,0,0,46.87,252500
991939,616,Z.Cordy,Zaine,Cordy,13,St Kilda,STK,DEF,DEF,NA,2025,0,0,NA,NA,0,0,0,46.63,251200
1015332,142,H.Harrison,Harvey,Harrison,4,Collingwood,COL,FWD,FWD,NA,2025,0,0,NA,NA,0,0,0,46.58,251000
1028105,52,S.Brain,Shadeau,Brain,2,Brisbane,BRL,DEF,DEF,NA,2025,0,0,NA,NA,0,0,0,46.44,250300
996692,442,M.Hore,Marty,Hore,10,Melbourne,MEL,DEF,DEF,NA,2025,0,0,NA,NA,0,0,0,51.5,249700
1017128,557,D.Visentini,Dante,Visentini,11,Port Adelaide,PTA,RUC,RUC,NA,2025,0,0,NA,NA,0,0,0,66,248900
1017087,708,H.Gallagher,Harvey,Gallagher,15,Western Bulldogs,WBD,MID,MID,NA,2025,0,0,NA,NA,0,0,0,46.11,248400
1020968,476,J.Archer,Jackson,Archer,9,North Melbourne,NTH,DEF,DEF,NA,2025,0,0,NA,NA,0,0,0,46,247900
294592,589,K.McIntosh,Kamdyn,McIntosh,12,Richmond,RIC,MID,MID,NA,2025,0,0,NA,NA,0,0,0,45.95,247600
1003520,64,D.Joyce,Darragh,Joyce,2,Brisbane,BRL,DEF,DEF,NA,2025,0,0,NA,NA,0,0,0,51,247300
1013229,568,J.Blight,Jacob,Blight,12,Richmond,RIC,DEF,DEF,NA,2025,0,0,NA,NA,0,0,0,65.33,246400
1027790,619,H.Garcia,Hugo,Garcia,13,St Kilda,STK,FWD/MID,FWD,MID,2025,0,0,NA,NA,0,0,0,45.63,245800
997933,498,G.Logue,Griffin,Logue,9,North Melbourne,NTH,DEF,DEF,NA,2025,0,0,NA,NA,0,0,0,65,245200
1001024,422,N.Reeves,Ned,Reeves,8,Hawthorn,HAW,RUC,RUC,NA,2025,0,0,NA,NA,0,0,0,56.75,244600
1007591,513,B.Teakle,Brynn,Teakle,9,North Melbourne,NTH,FWD,FWD,NA,2025,0,0,NA,NA,0,0,0,45.36,244400
1019916,588,K.McAuliffe,Kane,McAuliffe,12,Richmond,RIC,MID,MID,NA,2025,0,0,NA,NA,0,0,0,45.33,244300
1015777,347,R.Angwin,Ryan,Angwin,18,GWS Giants,GWS,MID,MID,NA,2025,0,0,NA,NA,0,0,0,56.25,242500
1006232,693,S.Wicks,Sam,Wicks,14,Sydney,SYD,FWD,FWD,NA,2025,0,0,NA,NA,0,0,0,44.81,241500
296269,62,D.Gardiner,Darcy,Gardiner,2,Brisbane,BRL,FWD,FWD,NA,2025,0,0,NA,NA,0,0,0,49.71,241100
1017057,743,C.Chesser,Campbell,Chesser,16,West Coast,WCE,MID,MID,NA,2025,0,0,NA,NA,0,0,0,44.39,239200
296296,774,D.Sheed,Dom,Sheed,16,West Coast,WCE,MID,MID,NA,2025,0,0,NA,NA,0,0,0,44.25,238400
1012828,152,F.Macrae,Finlay,Macrae,4,Collingwood,COL,FWD/MID,FWD,MID,2025,0,0,NA,NA,0,0,0,44.11,237700
1000068,4,C.Burgess,Chris,Burgess,1,Adelaide,ADE,FWD,FWD,NA,2025,0,0,NA,NA,0,0,0,49,237600
1023537,308,J.Clark,Jhye,Clark,7,Geelong,GEE,MID,MID,NA,2025,0,0,NA,NA,0,0,0,44.07,237400
1012386,596,S.Ryan,Samson,Ryan,12,Richmond,RIC,FWD/RUC,FWD,RUC,2025,0,0,NA,NA,0,0,0,44,237100
281007,255,M.Walters,Michael,Walters,6,Fremantle,FRE,FWD,FWD,NA,2025,0,0,NA,NA,0,0,0,43.94,236800
1018433,606,T.Young,Tylar,Young,12,Richmond,RIC,DEF,DEF,NA,2025,0,0,NA,NA,0,0,0,43.78,235900
1027971,374,T.McMullin,Toby,McMullin,18,GWS Giants,GWS,FWD,FWD,NA,2025,0,0,NA,NA,0,0,0,43.77,235800
1023496,764,N.Long,Noah,Long,16,West Coast,WCE,FWD,FWD,NA,2025,0,0,NA,NA,0,0,0,48.57,235500
1017065,39,Z.Taylor,Zac,Taylor,1,Adelaide,ADE,FWD/MID,FWD,MID,2025,0,0,NA,NA,0,0,0,43.67,235300
1020959,470,D.Turner,Daniel,Turner,10,Melbourne,MEL,FWD,FWD,NA,2025,0,0,NA,NA,0,0,0,43.53,234600
294472,522,R.Atkins,Rory,Atkins,11,Port Adelaide,PTA,DEF,DEF,NA,2025,0,0,NA,NA,0,0,0,38,233700
290832,296,D.Swallow,David,Swallow,17,Gold Coast,GCS,DEF/FWD,DEF,FWD,2025,0,0,NA,NA,0,0,0,43.35,233600
1036098,759,J.Hutchinson,Jack,Hutchinson,16,West Coast,WCE,FWD,FWD,NA,2025,0,0,NA,NA,0,0,0,48.14,233500
1017078,554,J.Sinn,Josh,Sinn,11,Port Adelaide,PTA,DEF,DEF,NA,2025,0,0,NA,NA,0,0,0,53.25,229500
1013511,741,T.Brockman,Tyler,Brockman,16,West Coast,WCE,FWD,FWD,NA,2025,0,0,NA,NA,0,0,0,42.1,226800
1024666,280,L.Johnston,Lloyd,Johnston,17,Gold Coast,GCS,FWD,FWD,NA,2025,0,0,NA,NA,0,0,0,46.71,226500
1023534,2,H.Bond,Hugh,Bond,1,Adelaide,ADE,DEF,DEF,NA,2025,0,0,NA,NA,0,0,0,46.43,225200
1013233,613,J.Carroll,Jack,Carroll,13,St Kilda,STK,FWD/MID,FWD,MID,2025,0,0,NA,NA,0,0,0,41.67,224500
1017754,252,P.Voss,Patrick,Voss,6,Fremantle,FRE,FWD,FWD,NA,2025,0,0,NA,NA,0,0,0,46.14,223800
1029416,765,R.Maric,Ryan,Maric,16,West Coast,WCE,FWD/MID,FWD,MID,2025,0,0,NA,NA,0,0,0,41.53,223800
1008752,38,K.Strachan,Kieran,Strachan,1,Adelaide,ADE,RUC,RUC,NA,2025,0,0,NA,NA,0,0,0,69,223100
280744,394,L.Breust,Luke,Breust,8,Hawthorn,HAW,FWD,FWD,NA,2025,0,0,NA,NA,0,0,0,40.88,220300
1005717,699,N.Coffield,Nick,Coffield,15,Western Bulldogs,WBD,DEF,DEF,NA,2025,0,0,NA,NA,0,0,0,40.5,218200
992374,610,D.Butler,Dan,Butler,13,St Kilda,STK,FWD,FWD,NA,2025,0,0,NA,NA,0,0,0,40.19,216500
1021152,567,J.Bauer,Jacob,Bauer,12,Richmond,RIC,FWD,FWD,NA,2025,0,0,NA,NA,0,0,0,57.33,216300
296334,104,O.Fantasia,Orazio,Fantasia,3,Carlton,CAR,FWD,FWD,NA,2025,0,0,NA,NA,0,0,0,39.93,215100
990816,664,A.Francis,Aaron,Francis,14,Sydney,SYD,DEF,DEF,NA,2025,0,0,NA,NA,0,0,0,49.6,213800
1017114,601,T.Sonsie,Tyler,Sonsie,12,Richmond,RIC,FWD,FWD,NA,2025,0,0,NA,NA,0,0,0,39.57,213200
1024982,332,O.Mullin,Oisin,Mullin,7,Geelong,GEE,DEF,DEF,NA,2025,0,0,NA,NA,0,0,0,39.4,212300
1005986,293,M.Rosas,Malcolm,Rosas,17,Gold Coast,GCS,FWD,FWD,NA,2025,0,0,NA,NA,0,0,0,43.71,212000
1018123,292,J.Rogers,Jake,Rogers,17,Gold Coast,GCS,FWD,FWD,NA,2025,0,0,NA,NA,0,0,0,39,210100
1002138,506,T.Pink,Toby,Pink,9,North Melbourne,NTH,FWD,FWD,NA,2025,0,0,NA,NA,0,0,0,38.87,209400
1008510,103,C.Durdin,Corey,Durdin,3,Carlton,CAR,FWD,FWD,NA,2025,0,0,NA,NA,0,0,0,38.77,208900
294013,283,S.Lemmens,Sean,Lemmens,17,Gold Coast,GCS,DEF,DEF,NA,2025,0,0,NA,NA,0,0,0,55,207500
1012881,541,O.Lord,Ollie,Lord,11,Port Adelaide,PTA,FWD,FWD,NA,2025,0,0,NA,NA,0,0,0,42.17,204500
1028491,584,S.Lalor,Sam,Lalor,12,Richmond,RIC,MID,MID,NA,2025,0,0,NA,NA,0,0,0,0,203500
1018016,415,S.Mitchell,Seamus,Mitchell,8,Hawthorn,HAW,DEF,DEF,NA,2025,0,0,NA,NA,0,0,0,37.5,202100
1008543,34,H.Schoenberg,Harry,Schoenberg,1,Adelaide,ADE,FWD,FWD,NA,2025,0,0,NA,NA,0,0,0,46.75,201500
1017124,151,N.Long,Ned,Long,4,Collingwood,COL,MID,MID,NA,2025,0,0,NA,NA,0,0,0,41.43,200900
1013278,156,R.McInnes,Reef,McInnes,4,Collingwood,COL,FWD,FWD,NA,2025,0,0,NA,NA,0,0,0,37.22,200600
1004819,545,J.McEntee,Jed,McEntee,11,Port Adelaide,PTA,FWD,FWD,NA,2025,0,0,NA,NA,0,0,0,37.23,200600
1028495,502,F.O'Sullivan,Finn,O'Sullivan,9,North Melbourne,NTH,MID,MID,NA,2025,0,0,NA,NA,0,0,0,0,199000
1013220,239,N.O'Driscoll,Nathan,O'Driscoll,6,Fremantle,FRE,MID,MID,NA,2025,0,0,NA,NA,0,0,0,52.5,198000
1028515,124,J.Smith,Jagga,Smith,3,Carlton,CAR,MID,MID,NA,2025,0,0,NA,NA,0,0,0,0,194500
1023494,487,Z.Duursma,Zane,Duursma,9,North Melbourne,NTH,FWD,FWD,NA,2025,0,0,NA,NA,0,0,0,36.08,194400
1022915,130,E.Allan,Edward,Allan,4,Collingwood,COL,MID,MID,NA,2025,0,0,NA,NA,0,0,0,60,194000
998129,220,W.Brodie,Will,Brodie,6,Fremantle,FRE,MID,MID,NA,2025,0,0,NA,NA,0,0,0,0,191800
1023785,211,E.Tsatas,Elijah,Tsatas,5,Essendon,ESS,MID,MID,NA,2025,0,0,NA,NA,0,0,0,39.43,191200
1017700,117,J.Motlop,Jesse,Motlop,3,Carlton,CAR,FWD,FWD,NA,2025,0,0,NA,NA,0,0,0,39.33,190700
298211,60,D.Fort,Darcy,Fort,2,Brisbane,BRL,RUC,RUC,NA,2025,0,0,NA,NA,0,0,0,50.5,190500
1023736,298,J.Walter,Jed,Walter,17,Gold Coast,GCS,FWD,FWD,NA,2025,0,0,NA,NA,0,0,0,35.36,190500
1022607,12,S.Draper,Sid,Draper,1,Adelaide,ADE,MID,MID,NA,2025,0,0,NA,NA,0,0,0,0,190000
1007099,466,H.Sharp,Harry,Sharp,10,Melbourne,MEL,MID,MID,NA,2025,0,0,NA,NA,0,0,0,39,189100
1028560,47,L.Ashcroft,Levi,Ashcroft,2,Brisbane,BRL,MID,MID,NA,2025,0,0,NA,NA,0,0,0,0,185500
1021015,256,K.Worner,Karl,Worner,6,Fremantle,FRE,DEF,DEF,NA,2025,0,0,NA,NA,0,0,0,43,185400
1017091,426,J.Serong,Jai,Serong,8,Hawthorn,HAW,DEF,DEF,NA,2025,0,0,NA,NA,0,0,0,43,185400
1009195,560,D.Williams,Dylan,Williams,11,Port Adelaide,PTA,DEF,DEF,NA,2025,0,0,NA,NA,0,0,0,42.6,183600
293813,586,T.Lynch,Tom,Lynch,12,Richmond,RIC,FWD,FWD,NA,2025,0,0,NA,NA,0,0,0,42.5,183200
1013201,199,J.Menzie,Jye,Menzie,5,Essendon,ESS,FWD,FWD,NA,2025,0,0,NA,NA,0,0,0,33.93,182800
1023056,579,S.Green,Steely,Green,12,Richmond,RIC,FWD,FWD,NA,2025,0,0,NA,NA,0,0,0,37.67,182700
1012873,162,W.Parker,Wil,Parker,4,Collingwood,COL,DEF,DEF,NA,2025,0,0,NA,NA,0,0,0,42,181000
1028546,448,H.Langford,Harvey,Langford,10,Melbourne,MEL,MID,MID,NA,2025,0,0,NA,NA,0,0,0,0,181000
993979,549,S.Powell-Pepper,Sam,Powell-Pepper,11,Port Adelaide,PTA,FWD,FWD,NA,2025,0,0,NA,NA,0,0,0,52.67,180500
290314,370,L.Keeffe,Lachlan,Keeffe,18,GWS Giants,GWS,RUC,RUC,NA,2025,0,0,NA,NA,0,0,0,47.67,179800
1000887,408,M.Lewis,Mitch,Lewis,8,Hawthorn,HAW,FWD,FWD,NA,2025,0,0,NA,NA,0,0,0,41.5,178900
1028572,599,J.Smillie,Josh,Smillie,12,Richmond,RIC,MID,MID,NA,2025,0,0,NA,NA,0,0,0,0,176500
293883,302,J.Bews,Jed,Bews,7,Geelong,GEE,DEF,DEF,NA,2025,0,0,NA,NA,0,0,0,45.67,172200
1028538,643,T.Travaglia,Tobie,Travaglia,13,St Kilda,STK,DEF/MID,DEF,MID,2025,0,0,NA,NA,0,0,0,0,172000
1015929,698,L.Cleary,Luke,Cleary,15,Western Bulldogs,WBD,DEF,DEF,NA,2025,0,0,NA,NA,0,0,0,45.5,171600
1023533,89,J.Binns,Jaxon,Binns,3,Carlton,CAR,MID,MID,NA,2025,0,0,NA,NA,0,0,0,45.33,171000
1017077,632,A.McLennan,Angus,McLennan,13,St Kilda,STK,DEF,DEF,NA,2025,0,0,NA,NA,0,0,0,52.5,169700
1016189,81,H.Smith,Henry,Smith,2,Brisbane,BRL,FWD,FWD,NA,2025,0,0,NA,NA,0,0,0,39.25,169200
1009386,204,J.Prior,Jaxon,Prior,5,Essendon,ESS,DEF,DEF,NA,2025,0,0,NA,NA,0,0,0,39.25,169200
1027033,290,E.Read,Ethan,Read,17,Gold Coast,GCS,FWD,FWD,NA,2025,0,0,NA,NA,0,0,0,39.25,169200
1029301,284,L.Lombard,Leonardo,Lombard,17,Gold Coast,GCS,MID,MID,NA,2025,0,0,NA,NA,0,0,0,0,167500
1023625,494,R.Hardeman,Riley,Hardeman,9,North Melbourne,NTH,DEF,DEF,NA,2025,0,0,NA,NA,0,0,0,44.33,167200
1023142,747,T.Dewar,Tyrell,Dewar,16,West Coast,WCE,FWD,FWD,NA,2025,0,0,NA,NA,0,0,0,34.29,166300
1023144,493,R.Hansen Jr,Robert,Hansen Jr,9,North Melbourne,NTH,FWD,FWD,NA,2025,0,0,NA,NA,0,0,0,34.17,165700
1030433,642,A.Tauru,Alixzander,Tauru,13,St Kilda,STK,DEF/FWD,DEF,FWD,2025,0,0,NA,NA,0,0,0,0,163000
1020339,689,A.Sheldrick,Angus,Sheldrick,14,Sydney,SYD,MID,MID,NA,2025,0,0,NA,NA,0,0,0,0,161700
1032629,360,J.Fonti,Joe,Fonti,18,GWS Giants,GWS,DEF,DEF,NA,2025,0,0,NA,NA,0,0,0,37.25,160600
295222,668,J.Hamling,Joel,Hamling,14,Sydney,SYD,FWD,FWD,NA,2025,0,0,NA,NA,0,0,0,0,159600
1024023,9,D.Curtin,Daniel,Curtin,1,Adelaide,ADE,FWD,FWD,NA,2025,0,0,NA,NA,0,0,0,32.71,158600
1028531,451,X.Lindsay,Xavier,Lindsay,10,Melbourne,MEL,MID,MID,NA,2025,0,0,NA,NA,0,0,0,0,158500
298470,453,S.McAdam,Shane,McAdam,10,Melbourne,MEL,FWD,FWD,NA,2025,0,0,NA,NA,0,0,0,42,158400
1032106,582,T.Hotton,Taj,Hotton,12,Richmond,RIC,MID/FWD,MID,FWD,2025,0,0,NA,NA,0,0,0,0,154000
1017059,577,J.Gibcus,Josh,Gibcus,12,Richmond,RIC,DEF,DEF,NA,2025,0,0,NA,NA,0,0,0,47.5,153600
1012826,449,B.Laurie,Bailey,Laurie,10,Melbourne,MEL,FWD/MID,FWD,MID,2025,0,0,NA,NA,0,0,0,31.5,152800
1018425,475,T.Woewodin,Taj,Woewodin,10,Melbourne,MEL,DEF,DEF,NA,2025,0,0,NA,NA,0,0,0,28.31,152600
1017118,492,J.Goater,Josh,Goater,9,North Melbourne,NTH,DEF,DEF,NA,2025,0,0,NA,NA,0,0,0,42,151400
296190,328,J.Martin,Jack,Martin,7,Geelong,GEE,FWD,FWD,NA,2025,0,0,NA,NA,0,0,0,40,150900
1020586,715,A.Jones,Arthur,Jones,15,Western Bulldogs,WBD,FWD,FWD,NA,2025,0,0,NA,NA,0,0,0,40,150900
1012218,30,L.Pedlar,Luke,Pedlar,1,Adelaide,ADE,FWD,FWD,NA,2025,0,0,NA,NA,0,0,0,27.75,150400
1021103,325,M.Knevitt,Mitch,Knevitt,7,Geelong,GEE,MID,MID,NA,2025,0,0,NA,NA,0,0,0,34.75,149800
1028554,192,I.Kako,Isaac,Kako,5,Essendon,ESS,MID/FWD,MID,FWD,2025,0,0,NA,NA,0,0,0,0,149500
1027877,335,C.O'Sullivan,Connor,O'Sullivan,7,Geelong,GEE,DEF,DEF,NA,2025,0,0,NA,NA,0,0,0,46,148700
1018424,692,Co.Warner,Corey,Warner,14,Sydney,SYD,FWD,FWD,NA,2025,0,0,NA,NA,0,0,0,30.67,148700
1027969,761,H.Johnston,Harvey,Johnston,16,West Coast,WCE,DEF,DEF,NA,2025,0,0,NA,NA,0,0,0,30.67,148700
290246,437,T.Campbell,Tom,Campbell,10,Melbourne,MEL,RUC,RUC,NA,2025,0,0,NA,NA,0,0,0,45.5,147100
1017933,178,A.Davey Jnr,Alwyn,Davey Jnr,5,Essendon,ESS,FWD,FWD,NA,2025,0,0,NA,NA,0,0,0,27.2,146600
997501,710,R.Gardner,Ryan,Gardner,15,Western Bulldogs,WBD,DEF,DEF,NA,2025,0,0,NA,NA,0,0,0,0,145800
1028498,575,J.Faull,Jonty,Faull,12,Richmond,RIC,FWD,FWD,NA,2025,0,0,NA,NA,0,0,0,0,145000
999824,237,Q.Narkle,Quinton,Narkle,6,Fremantle,FRE,FWD,FWD,NA,2025,0,0,NA,NA,0,0,0,26.9,144900
1028551,486,W.Dawson,Wil,Dawson,9,North Melbourne,NTH,DEF,DEF,NA,2025,0,0,NA,NA,0,0,0,38,143300
1028529,525,J.Berry,Joe,Berry,11,Port Adelaide,PTA,FWD,FWD,NA,2025,0,0,NA,NA,0,0,0,0,140500
992048,728,A.Scott,Anthony,Scott,15,Western Bulldogs,WBD,FWD/MID,FWD,MID,2025,0,0,NA,NA,0,0,0,28.5,138500
1017095,477,M.Bergman,Miller,Bergman,9,North Melbourne,NTH,DEF,DEF,NA,2025,0,0,NA,NA,0,0,0,32,137900
1028449,736,B.Allan,Bo,Allan,16,West Coast,WCE,DEF/MID,DEF,MID,2025,0,0,NA,NA,0,0,0,0,136000
1002282,467,C.Spargo,Charlie,Spargo,10,Melbourne,MEL,FWD,FWD,NA,2025,0,0,NA,NA,0,0,0,36,135800
997974,149,A.Johnson,Ash,Johnson,4,Collingwood,COL,FWD,FWD,NA,2025,0,0,NA,NA,0,0,0,17.67,134000
1004985,685,B.Paton,Ben,Paton,14,Sydney,SYD,DEF/FWD,DEF,FWD,2025,0,0,NA,NA,0,0,0,27.5,133400
1023346,243,L.Reidy,Liam,Reidy,6,Fremantle,FRE,RUC,RUC,NA,2025,0,0,NA,NA,0,0,0,41,132600
1028513,242,M.Reid,Murphy,Reid,6,Fremantle,FRE,MID,MID,NA,2025,0,0,NA,NA,0,0,0,0,131500
1024188,755,C.Hall,Clay,Hall,16,West Coast,WCE,MID,MID,NA,2025,0,0,NA,NA,0,0,0,34.33,129500
1027965,421,M.Ramsden,Max,Ramsden,8,Hawthorn,HAW,FWD,FWD,NA,2025,0,0,NA,NA,0,0,0,34,128200
1000061,478,C.Coleman-Jones,Callum,Coleman-Jones,9,North Melbourne,NTH,FWD,FWD,NA,2025,0,0,NA,NA,0,0,0,34,128200
1028485,365,O.Hannaford,Oliver,Hannaford,18,GWS Giants,GWS,MID/FWD,MID,FWD,2025,0,0,NA,NA,0,0,0,0,127000
1010708,395,S.Butler,Sam,Butler,8,Hawthorn,HAW,FWD,FWD,NA,2025,0,0,NA,NA,0,0,0,23.5,126600
1024057,658,C.Cleary,Caiden,Cleary,14,Sydney,SYD,FWD,FWD,NA,2025,0,0,NA,NA,0,0,0,28.8,124100
1020670,756,E.Hewett,Elijah,Hewett,16,West Coast,WCE,FWD/MID,FWD,MID,2025,0,0,NA,NA,0,0,0,0,122800
1028562,376,H.Oliver,Harrison,Oliver,18,GWS Giants,GWS,DEF,DEF,NA,2025,0,0,NA,NA,0,0,0,0,122500
1009385,79,D.Robertson,Deven,Robertson,2,Brisbane,BRL,FWD/MID,FWD,MID,2025,0,0,NA,NA,0,0,0,25,121200
1023680,405,H.Hustwaite,Henry,Hustwaite,8,Hawthorn,HAW,MID,MID,NA,2025,0,0,NA,NA,0,0,0,25,121200
1022999,600,K.Smith,Kaleb,Smith,12,Richmond,RIC,DEF,DEF,NA,2025,0,0,NA,NA,0,0,0,25,121200
1017718,740,R.Bazzo,Rhett,Bazzo,16,West Coast,WCE,DEF,DEF,NA,2025,0,0,NA,NA,0,0,0,25,121200
1028671,13,C.Edwards,Charlie,Edwards,1,Adelaide,ADE,DEF/MID,DEF,MID,2025,0,0,NA,NA,0,0,0,0,119900
1035372,15,K.Gallagher,Karl,Gallagher,1,Adelaide,ADE,DEF,DEF,NA,2025,0,0,NA,NA,0,0,0,0,119900
1020950,25,T.Murray,Toby,Murray,1,Adelaide,ADE,FWD,FWD,NA,2025,0,0,NA,NA,0,0,0,0,119900
1027893,33,O.Ryan,Oscar,Ryan,1,Adelaide,ADE,DEF,DEF,NA,2025,0,0,NA,NA,0,0,0,0,119900
1008805,50,L.Beecken,Luke,Beecken,2,Brisbane,BRL,DEF,DEF,NA,2025,0,0,NA,NA,0,0,0,0,119900
1024193,55,D.Craven,Darcy,Craven,2,Brisbane,BRL,FWD,FWD,NA,2025,0,0,NA,NA,0,0,0,0,119900
1027985,66,L.Lloyd,Luke,Lloyd,2,Brisbane,BRL,FWD,FWD,NA,2025,0,0,NA,NA,0,0,0,0,119900
1029405,73,W.McLachlan,Will,McLachlan,2,Brisbane,BRL,FWD,FWD,NA,2025,0,0,NA,NA,0,0,0,0,119900
1012127,80,B.Ryan,Brandon,Ryan,2,Brisbane,BRL,FWD,FWD,NA,2025,0,0,NA,NA,0,0,0,23,119900
1024187,83,R.Torrent,Reece,Torrent,2,Brisbane,BRL,MID,MID,NA,2025,0,0,NA,NA,0,0,0,0,119900
1021108,84,J.Tunstill,James,Tunstill,2,Brisbane,BRL,FWD/MID,FWD,MID,2025,0,0,NA,NA,0,0,0,31.67,119900
1032650,86,Z.Zakostelsky,Zane,Zakostelsky,2,Brisbane,BRL,DEF/RUC,DEF,RUC,2025,0,0,NA,NA,0,0,0,0,119900
1020072,111,H.Lemmey,Harry,Lemmey,3,Carlton,CAR,FWD,FWD,NA,2025,0,0,NA,NA,0,0,0,0,119900
1020097,115,A.Moir,Ashton,Moir,3,Carlton,CAR,FWD,FWD,NA,2025,0,0,NA,NA,0,0,0,28.5,119900
1035129,116,R.Monahan,Rob,Monahan,3,Carlton,CAR,FWD,FWD,NA,2025,0,0,NA,NA,0,0,0,0,119900
1023489,120,H.O'Keeffe,Hudson,O'Keeffe,3,Carlton,CAR,RUC,RUC,NA,2025,0,0,NA,NA,0,0,0,0,119900
1027678,128,B.Wilson,Billy,Wilson,3,Carlton,CAR,DEF/MID,DEF,MID,2025,0,0,NA,NA,0,0,0,0,119900
1027673,139,H.DeMattia,Harry,DeMattia,4,Collingwood,COL,MID,MID,NA,2025,0,0,NA,NA,0,0,0,0,119900
1032017,148,T.Jiath,Tew,Jiath,4,Collingwood,COL,DEF,DEF,NA,2025,0,0,NA,NA,0,0,0,24,119900
1020104,166,J.Ryan,Jakob,Ryan,4,Collingwood,COL,DEF,DEF,NA,2025,0,0,NA,NA,0,0,0,0,119900
1027834,169,I.Smit,Iliro,Smit,4,Collingwood,COL,RUC,RUC,NA,2025,0,0,NA,NA,0,0,0,0,119900
1022844,170,O.Steene,Oscar,Steene,4,Collingwood,COL,FWD/RUC,FWD,RUC,2025,0,0,NA,NA,0,0,0,0,119900
1015919,183,S.El-Hawli,Saad,El-Hawli,5,Essendon,ESS,DEF/MID,DEF,MID,2025,0,0,NA,NA,0,0,0,0,119900
1023487,188,L.Hayes,Lewis,Hayes,5,Essendon,ESS,DEF,DEF,NA,2025,0,0,NA,NA,0,0,0,0,119900
1027706,195,L.Lual,Luamon,Lual,5,Essendon,ESS,DEF,DEF,NA,2025,0,0,NA,NA,0,0,0,0,119900
1012817,206,Z.Reid,Zach,Reid,5,Essendon,ESS,DEF,DEF,NA,2025,0,0,NA,NA,0,0,0,15,119900
1027966,213,V.Visentini,Vigo,Visentini,5,Essendon,ESS,RUC,RUC,NA,2025,0,0,NA,NA,0,0,0,0,119900
1022927,226,H.Davies,Hugh,Davies,6,Fremantle,FRE,DEF,DEF,NA,2025,0,0,NA,NA,0,0,0,27,119900
1019975,227,J.Delean,Jack,Delean,6,Fremantle,FRE,FWD,FWD,NA,2025,0,0,NA,NA,0,0,0,0,119900
1020250,229,N.Erasmus,Neil,Erasmus,6,Fremantle,FRE,FWD/MID,FWD,MID,2025,0,0,NA,NA,0,0,0,23,119900
1028371,234,O.Jones,Odin,Jones,6,Fremantle,FRE,RUC,RUC,NA,2025,0,0,NA,NA,0,0,0,0,119900
992472,235,O.McDonald,Oscar,McDonald,6,Fremantle,FRE,DEF,DEF,NA,2025,0,0,NA,NA,0,0,0,27,119900
1027990,236,O.Murphy,Ollie,Murphy,6,Fremantle,FRE,DEF,DEF,NA,2025,0,0,NA,NA,0,0,0,0,119900
1027656,248,C.Simpson,Cooper,Simpson,6,Fremantle,FRE,FWD,FWD,NA,2025,0,0,NA,NA,0,0,0,37,119900
999715,270,J.Farrar,Jy,Farrar,17,Gold Coast,GCS,DEF,DEF,NA,2025,0,0,NA,NA,0,0,0,0,119900
1006087,273,C.Graham,Caleb,Graham,17,Gold Coast,GCS,DEF,DEF,NA,2025,0,0,NA,NA,0,0,0,0,119900
1027701,282,M.Knobel,Max,Knobel,17,Gold Coast,GCS,RUC,RUC,NA,2025,0,0,NA,NA,0,0,0,0,119900
1023542,309,T.Clohesy,Ted,Clohesy,7,Geelong,GEE,FWD/MID,FWD,MID,2025,0,0,NA,NA,0,0,0,22.5,119900
1024304,316,M.Edwards,Mitchell,Edwards,7,Geelong,GEE,RUC,RUC,NA,2025,0,0,NA,NA,0,0,0,0,119900
1023681,342,G.Stevens,George,Stevens,7,Geelong,GEE,MID,MID,NA,2025,0,0,NA,NA,0,0,0,0,119900
1020881,344,O.Wiltshire,Oliver,Wiltshire,7,Geelong,GEE,FWD/MID,FWD,MID,2025,0,0,NA,NA,0,0,0,0,119900
1016140,358,W.Derksen,Wade,Derksen,18,GWS Giants,GWS,FWD,FWD,NA,2025,0,0,NA,NA,0,0,0,0,119900
1017751,359,J.Fahey,Josh,Fahey,18,GWS Giants,GWS,DEF,DEF,NA,2025,0,0,NA,NA,0,0,0,0,119900
1032042,361,P.Gothard,Phoenix,Gothard,18,GWS Giants,GWS,FWD,FWD,NA,2025,0,0,NA,NA,0,0,0,0,119900
1027921,364,M.Gruzewski,Max,Gruzewski,18,GWS Giants,GWS,FWD,FWD,NA,2025,0,0,NA,NA,0,0,0,21,119900
1032119,372,J.Leake,James,Leake,18,GWS Giants,GWS,DEF,DEF,NA,2025,0,0,NA,NA,0,0,0,0,119900
1023743,373,N.Madden,Nicholas,Madden,18,GWS Giants,GWS,RUC,RUC,NA,2025,0,0,NA,NA,0,0,0,0,119900
1021122,379,H.Rowston,Harry,Rowston,18,GWS Giants,GWS,MID,MID,NA,2025,0,0,NA,NA,0,0,0,0,119900
1015862,381,C.Stone,Conor,Stone,18,GWS Giants,GWS,FWD,FWD,NA,2025,0,0,NA,NA,0,0,0,19.75,119900
1034066,386,N.Wardius,Nathan,Wardius,18,GWS Giants,GWS,FWD,FWD,NA,2025,0,0,NA,NA,0,0,0,0,119900
1011839,393,J.Blanck,James,Blanck,8,Hawthorn,HAW,DEF,DEF,NA,2025,0,0,NA,NA,0,0,0,0,119900
1029261,409,B.Macdonald,Bailey,Macdonald,8,Hawthorn,HAW,DEF,DEF,NA,2025,0,0,NA,NA,0,0,0,0,119900
1022410,413,W.McCabe,William,McCabe,8,Hawthorn,HAW,DEF,DEF,NA,2025,0,0,NA,NA,0,0,0,0,119900
1022473,423,B.Ryan,Bodie,Ryan,8,Hawthorn,HAW,DEF,DEF,NA,2025,0,0,NA,NA,0,0,0,0,119900
1018122,424,J.Scaife,Jasper,Scaife,8,Hawthorn,HAW,FWD,FWD,NA,2025,0,0,NA,NA,0,0,0,0,119900
1023174,433,J.Adams,Jed,Adams,10,Melbourne,MEL,DEF,DEF,NA,2025,0,0,NA,NA,0,0,0,0,119900
1027949,436,K.Brown,Kynan,Brown,10,Melbourne,MEL,MID,MID,NA,2025,0,0,NA,NA,0,0,0,18,119900
1013532,440,T.Fullarton,Tom,Fullarton,10,Melbourne,MEL,FWD,FWD,NA,2025,0,0,NA,NA,0,0,0,0,119900
1023486,444,M.Jefferson,Matthew,Jefferson,10,Melbourne,MEL,FWD,FWD,NA,2025,0,0,NA,NA,0,0,0,0,119900
1024337,446,L.Kentfield,Luker,Kentfield,10,Melbourne,MEL,FWD,FWD,NA,2025,0,0,NA,NA,0,0,0,0,119900
1029973,465,O.Sestan,Oliver,Sestan,10,Melbourne,MEL,FWD,FWD,NA,2025,0,0,NA,NA,0,0,0,0,119900
1015473,472,W.Verrall,Will,Verrall,10,Melbourne,MEL,RUC,RUC,NA,2025,0,0,NA,NA,0,0,0,0,119900
1023544,490,B.George,Brayden,George,9,North Melbourne,NTH,FWD,FWD,NA,2025,0,0,NA,NA,0,0,0,0,119900
1031506,491,T.Goad,Taylor,Goad,9,North Melbourne,NTH,RUC,RUC,NA,2025,0,0,NA,NA,0,0,0,0,119900
1020979,495,C.Harvey,Cooper,Harvey,9,North Melbourne,NTH,FWD,FWD,NA,2025,0,0,NA,NA,0,0,0,0,119900
1023530,496,J.Konstanty,Jacob,Konstanty,9,North Melbourne,NTH,FWD,FWD,NA,2025,0,0,NA,NA,0,0,0,0,119900
1031792,499,F.Maley,Finnbar,Maley,9,North Melbourne,NTH,FWD/RUC,FWD,RUC,2025,0,0,NA,NA,0,0,0,0,119900
1027726,504,G.Payne,Geordie,Payne,9,North Melbourne,NTH,FWD/MID,FWD,MID,2025,0,0,NA,NA,0,0,0,0,119900
1027870,521,T.Anastasopoulos,Tom,Anastasopoulos,11,Port Adelaide,PTA,FWD,FWD,NA,2025,0,0,NA,NA,0,0,0,0,119900
1014013,531,L.Charleson,Lachlan,Charleson,11,Port Adelaide,PTA,FWD/MID,FWD,MID,2025,0,0,NA,NA,0,0,0,0,119900
1015330,539,H.Jackson,Hugh,Jackson,11,Port Adelaide,PTA,MID,MID,NA,2025,0,0,NA,NA,0,0,0,0,119900
1029262,542,W.Lorenz,Will,Lorenz,11,Port Adelaide,PTA,MID,MID,NA,2025,0,0,NA,NA,0,0,0,31,119900
1029158,558,X.Walsh,Xavier,Walsh,11,Port Adelaide,PTA,FWD,FWD,NA,2025,0,0,NA,NA,0,0,0,0,119900
1017043,572,J.Clarke,Judson,Clarke,12,Richmond,RIC,FWD,FWD,NA,2025,0,0,NA,NA,0,0,0,8,119900
1021660,573,M.Colina,Mate,Colina,12,Richmond,RIC,RUC,RUC,NA,2025,0,0,NA,NA,0,0,0,0,119900
1022383,576,L.Fawcett,Liam,Fawcett,12,Richmond,RIC,FWD,FWD,NA,2025,0,0,NA,NA,0,0,0,0,119900
1036103,578,C.Gray,Campbell,Gray,12,Richmond,RIC,DEF/FWD,DEF,FWD,2025,0,0,NA,NA,0,0,0,0,119900
1035199,580,O.Hayes-Brown,Oliver,Hayes-Brown,12,Richmond,RIC,RUC,RUC,NA,2025,0,0,NA,NA,0,0,0,0,119900
1017959,615,L.Collard,Lance,Collard,13,St Kilda,STK,FWD,FWD,NA,2025,0,0,NA,NA,0,0,0,6.33,119900
1020855,620,M.Hall,Max,Hall,13,St Kilda,STK,FWD/MID,FWD,MID,2025,0,0,NA,NA,0,0,0,0,119900
1027872,621,A.Hastie,Angus,Hastie,13,St Kilda,STK,MID,MID,NA,2025,0,0,NA,NA,0,0,0,20.4,119900
1015886,622,M.Heath,Max,Heath,13,St Kilda,STK,FWD/RUC,FWD,RUC,2025,0,0,NA,NA,0,0,0,0,119900
1015323,628,I.Keeler,Isaac,Keeler,13,St Kilda,STK,FWD,FWD,NA,2025,0,0,NA,NA,0,0,0,0,119900
1035198,633,L.O'Connell,Liam,O'Connell,13,St Kilda,STK,DEF,DEF,NA,2025,0,0,NA,NA,0,0,0,0,119900
1009392,656,J.Buller,Jack,Buller,14,Sydney,SYD,FWD,FWD,NA,2025,0,0,NA,NA,0,0,0,0,119900
1017757,661,W.Edwards,William,Edwards,14,Sydney,SYD,DEF,DEF,NA,2025,0,0,NA,NA,0,0,0,0,119900
1027901,665,W.Green,William,Green,14,Sydney,SYD,RUC,RUC,NA,2025,0,0,NA,NA,0,0,0,0,119900
1027687,669,T.Hanily,Tom,Hanily,14,Sydney,SYD,MID,MID,NA,2025,0,0,NA,NA,0,0,0,0,119900
1027058,673,I.Kirk,Indhi,Kirk,14,Sydney,SYD,MID,MID,NA,2025,0,0,NA,NA,0,0,0,0,119900
1024096,683,C.Mitchell,Caleb,Mitchell,14,Sydney,SYD,MID,MID,NA,2025,0,0,NA,NA,0,0,0,14,119900
1024685,690,P.Snell,Patrick,Snell,14,Sydney,SYD,DEF/FWD,DEF,FWD,2025,0,0,NA,NA,0,0,0,0,119900
1023017,697,J.Busslinger,Jedd,Busslinger,15,Western Bulldogs,WBD,DEF,DEF,NA,2025,0,0,NA,NA,0,0,0,0,119900
1013996,700,J.Croft,Jordan,Croft,15,Western Bulldogs,WBD,FWD,FWD,NA,2025,0,0,NA,NA,0,0,0,0,119900
1027702,729,L.Smith,Lachlan,Smith,15,Western Bulldogs,WBD,RUC,RUC,NA,2025,0,0,NA,NA,0,0,0,0,119900
1020057,739,H.Barnett,Harry,Barnett,16,West Coast,WCE,RUC,RUC,NA,2025,0,0,NA,NA,0,0,0,22,119900
1028291,763,C.Livingstone,Coen,Livingstone,16,West Coast,WCE,FWD/RUC,FWD,RUC,2025,0,0,NA,NA,0,0,0,0,119900
1020032,769,L.Rawlinson,Loch,Rawlinson,16,West Coast,WCE,FWD,FWD,NA,2025,0,0,NA,NA,0,0,0,11,119900
1027693,770,A.Reid,Archer,Reid,16,West Coast,WCE,FWD/RUC,FWD,RUC,2025,0,0,NA,NA,0,0,0,0,119900
1029456,712,C.Hynes,Cooper,Hynes,15,Western Bulldogs,WBD,MID,MID,NA,2025,0,0,NA,NA,0,0,0,0,118000
1022447,42,T.Welsh,Tyler,Welsh,1,Adelaide,ADE,FWD,FWD,NA,2025,0,0,NA,NA,0,0,0,0,113500
1034411,61,T.Gallop,Ty,Gallop,2,Brisbane,BRL,FWD,FWD,NA,2025,0,0,NA,NA,0,0,0,0,113500
1028520,68,S.Marshall,Sam,Marshall,2,Brisbane,BRL,MID,MID,NA,2025,0,0,NA,NA,0,0,0,0,113500
1027282,91,B.Camporeale,Ben,Camporeale,3,Carlton,CAR,MID,MID,NA,2025,0,0,NA,NA,0,0,0,0,113500
1022452,92,L.Camporeale,Lucas,Camporeale,3,Carlton,CAR,MID,MID,NA,2025,0,0,NA,NA,0,0,0,0,113500
1028526,119,H.O'Farrell,Harry,O'Farrell,3,Carlton,CAR,DEF,DEF,NA,2025,0,0,NA,NA,0,0,0,0,113500
1029000,132,J.Cochran,Joel,Cochran,4,Collingwood,COL,DEF,DEF,NA,2025,0,0,NA,NA,0,0,0,0,113500
1032922,143,W.Hayes,William,Hayes,4,Collingwood,COL,MID/FWD,MID,FWD,2025,0,0,NA,NA,0,0,0,0,113500
1027382,172,C.West,Charlie,West,4,Collingwood,COL,RUC/FWD,RUC,FWD,2025,0,0,NA,NA,0,0,0,0,113500
1027284,176,A.Clarke,Angus,Clarke,5,Essendon,ESS,DEF,DEF,NA,2025,0,0,NA,NA,0,0,0,0,113500
1029159,184,K.Gerreyn,Kayle,Gerreyn,5,Essendon,ESS,RUC,RUC,NA,2025,0,0,NA,NA,0,0,0,0,113500
1028519,190,Z.Johnson,Zak,Johnson,5,Essendon,ESS,MID,MID,NA,2025,0,0,NA,NA,0,0,0,0,113500
1032023,212,R.Unwin,Rhys,Unwin,5,Essendon,ESS,MID,MID,NA,2025,0,0,NA,NA,0,0,0,0,113500
1023047,221,J.Carr,Jaren,Carr,6,Fremantle,FRE,FWD,FWD,NA,2025,0,0,NA,NA,0,0,0,0,113500
1027155,238,C.Nicholls,Charlie,Nicholls,6,Fremantle,FRE,FWD,FWD,NA,2025,0,0,NA,NA,0,0,0,0,113500
1029065,262,C.Bell,Cooper,Bell,17,Gold Coast,GCS,DEF/FWD,DEF,FWD,2025,0,0,NA,NA,0,0,0,0,113500
1032114,321,L.Hoffman,Lennox,Hoffman,7,Geelong,GEE,DEF,DEF,NA,2025,0,0,NA,NA,0,0,0,0,113500
1032141,329,K.Matofai-Forbes,Keighton,Matofai-Forbes,7,Geelong,GEE,FWD,FWD,NA,2025,0,0,NA,NA,0,0,0,0,113500
1027006,331,J.Molier,Jacob,Molier,7,Geelong,GEE,RUC,RUC,NA,2025,0,0,NA,NA,0,0,0,0,113500
1027428,337,J.Polkinghorne,Jay,Polkinghorne,7,Geelong,GEE,FWD,FWD,NA,2025,0,0,NA,NA,0,0,0,0,113500
1032619,346,C.Angove,Cody,Angove,18,GWS Giants,GWS,MID/FWD,MID,FWD,2025,0,0,NA,NA,0,0,0,0,113500
1028539,377,J.Ough,Jack,Ough,18,GWS Giants,GWS,MID,MID,NA,2025,0,0,NA,NA,0,0,0,0,113500
1032161,380,L.Smith,Logan,Smith,18,GWS Giants,GWS,RUC,RUC,NA,2025,0,0,NA,NA,0,0,0,0,113500
1028566,390,C.Anderson,Cody,Anderson,8,Hawthorn,HAW,MID,MID,NA,2025,0,0,NA,NA,0,0,0,0,113500
1028643,418,N.Mraz,Noah,Mraz,8,Hawthorn,HAW,DEF,DEF,NA,2025,0,0,NA,NA,0,0,0,0,113500
1024173,445,A.Johnson,Aidan,Johnson,10,Melbourne,MEL,FWD,FWD,NA,2025,0,0,NA,NA,0,0,0,0,113500
1031989,512,R.Stevens,River,Stevens,9,North Melbourne,NTH,MID/FWD,MID,FWD,2025,0,0,NA,NA,0,0,0,0,113500
1029281,515,L.Urquhart,Luke,Urquhart,9,North Melbourne,NTH,MID,MID,NA,2025,0,0,NA,NA,0,0,0,0,113500
1028547,517,M.Whitlock,Matt,Whitlock,9,North Melbourne,NTH,DEF/FWD,DEF,FWD,2025,0,0,NA,NA,0,0,0,0,113500
1028563,547,C.Moraes,Christian,Moraes,11,Port Adelaide,PTA,MID,MID,NA,2025,0,0,NA,NA,0,0,0,0,113500
1032053,559,J.Whitlock,Jack,Whitlock,11,Port Adelaide,PTA,FWD,FWD,NA,2025,0,0,NA,NA,0,0,0,0,113500
1028537,563,J.Alger,Jasper,Alger,12,Richmond,RIC,FWD,FWD,NA,2025,0,0,NA,NA,0,0,0,0,113500
1028525,564,H.Armstrong,Harry,Armstrong,12,Richmond,RIC,FWD,FWD,NA,2025,0,0,NA,NA,0,0,0,0,113500
1018996,598,T.Sims,Thomas,Sims,12,Richmond,RIC,RUC/FWD,RUC,FWD,2025,0,0,NA,NA,0,0,0,0,113500
1028521,603,L.Trainor,Luke,Trainor,12,Richmond,RIC,DEF,DEF,NA,2025,0,0,NA,NA,0,0,0,0,113500
1028545,608,J.Barrat,James,Barrat,13,St Kilda,STK,DEF/FWD,DEF,FWD,2025,0,0,NA,NA,0,0,0,0,113500
1029148,609,H.Boxshall,Hugh,Boxshall,13,St Kilda,STK,MID,MID,NA,2025,0,0,NA,NA,0,0,0,0,113500
1027011,617,A.Dodson,Alex,Dodson,13,St Kilda,STK,RUC,RUC,NA,2025,0,0,NA,NA,0,0,0,0,113500
1028514,636,P.Said,Patrick,Said,13,St Kilda,STK,MID/FWD,MID,FWD,2025,0,0,NA,NA,0,0,0,0,113500
1027659,652,R.Andrew,Riak,Andrew,14,Sydney,SYD,DEF,DEF,NA,2025,0,0,NA,NA,0,0,0,0,113500
1008224,653,R.Bice,Riley,Bice,14,Sydney,SYD,DEF,DEF,NA,2025,0,0,NA,NA,0,0,0,0,113500
1027406,655,N.Bowman,Ned,Bowman,14,Sydney,SYD,FWD,FWD,NA,2025,0,0,NA,NA,0,0,0,0,113500
1029589,660,J.Dattoli,Jesse,Dattoli,14,Sydney,SYD,MID/FWD,MID,FWD,2025,0,0,NA,NA,0,0,0,0,113500
1036123,703,S.Davidson,Sam,Davidson,15,Western Bulldogs,WBD,FWD,FWD,NA,2025,0,0,NA,NA,0,0,0,0,113500
1034235,704,J.Dolan,Josh,Dolan,15,Western Bulldogs,WBD,FWD,FWD,NA,2025,0,0,NA,NA,0,0,0,0,113500
1028493,713,L.Jaques,Lachie,Jaques,15,Western Bulldogs,WBD,DEF,DEF,NA,2025,0,0,NA,NA,0,0,0,0,113500
1032112,717,L.Kennedy,Luke,Kennedy,15,Western Bulldogs,WBD,MID,MID,NA,2025,0,0,NA,NA,0,0,0,0,113500
1032624,746,H.Davis,Hamish,Davis,16,West Coast,WCE,MID/FWD,MID,FWD,2025,0,0,NA,NA,0,0,0,0,113500
1018992,753,L.Grego,Lucca,Grego,16,West Coast,WCE,MID,MID,NA,2025,0,0,NA,NA,0,0,0,0,113500
1028561,754,T.Gross,Tom,Gross,16,West Coast,WCE,MID,MID,NA,2025,0,0,NA,NA,0,0,0,0,113500
1031913,773,J.Shanahan,Jobe,Shanahan,16,West Coast,WCE,FWD,FWD,NA,2025,0,0,NA,NA,0,0,0,0,113500
1028496,94,H.Charleson,Harry,Charleson,3,Carlton,CAR,DEF/MID,DEF,MID,2025,0,0,NA,NA,0,0,0,0,99100
1039720,102,M.Duffy,Matt,Duffy,3,Carlton,CAR,DEF,DEF,NA,2025,0,0,NA,NA,0,0,0,0,99100
1029265,179,A.Day-Wicks,Archer,Day-Wicks,5,Essendon,ESS,MID/FWD,MID,FWD,2025,0,0,NA,NA,0,0,0,0,99100
1018987,201,J.Nguyen,Jayden,Nguyen,5,Essendon,ESS,DEF/MID,DEF,MID,2025,0,0,NA,NA,0,0,0,0,99100
1028228,244,A.Riddle,Aiden,Riddle,6,Fremantle,FRE,RUC,RUC,NA,2025,0,0,NA,NA,0,0,0,0,99100
1028541,268,A.Eastham,Asher,Eastham,17,Gold Coast,GCS,FWD,FWD,NA,2025,0,0,NA,NA,0,0,0,0,99100
1038801,269,Z.Evans,Zak,Evans,17,Gold Coast,GCS,MID,MID,NA,2025,0,0,NA,NA,0,0,0,0,99100
1029304,275,L.Gulbin,Lachlan,Gulbin,17,Gold Coast,GCS,FWD,FWD,NA,2025,0,0,NA,NA,0,0,0,0,99100
1039509,306,C.Burke,Cillian,Burke,7,Geelong,GEE,DEF,DEF,NA,2025,0,0,NA,NA,0,0,0,0,99100
1028489,324,X.Ivisic,Xavier,Ivisic,7,Geelong,GEE,MID,MID,NA,2025,0,0,NA,NA,0,0,0,0,99100
1027854,336,J.Pike,Joe,Pike,7,Geelong,GEE,RUC,RUC,NA,2025,0,0,NA,NA,0,0,0,0,99100
1032081,338,P.Retschko,Patrick,Retschko,7,Geelong,GEE,MID,MID,NA,2025,0,0,NA,NA,0,0,0,0,99100
1029030,357,J.Delana,Josaia,Delana,18,GWS Giants,GWS,MID,MID,NA,2025,0,0,NA,NA,0,0,0,0,99100
1039500,404,M.Hill,Matt,Hill,8,Hawthorn,HAW,DEF,DEF,NA,2025,0,0,NA,NA,0,0,0,0,99100
1039499,428,J.Uhr-Henry,Jaime,Uhr-Henry,8,Hawthorn,HAW,RUC,RUC,NA,2025,0,0,NA,NA,0,0,0,0,99100
1029211,457,R.Mentha,Ricky,Mentha,10,Melbourne,MEL,DEF/FWD,DEF,FWD,2025,0,0,NA,NA,0,0,0,0,99100
1022601,523,B.Barrett,Benny,Barrett,11,Port Adelaide,PTA,MID,MID,NA,2025,0,0,NA,NA,0,0,0,0,99100
1022371,532,T.Cochrane,Tom,Cochrane,11,Port Adelaide,PTA,MID,MID,NA,2025,0,0,NA,NA,0,0,0,0,99100
1038914,548,J.Moss,Jacob,Moss,11,Port Adelaide,PTA,DEF,DEF,NA,2025,0,0,NA,NA,0,0,0,0,99100
1039730,607,E.Armstrong,Eamonn,Armstrong,13,St Kilda,STK,DEF,DEF,NA,2025,0,0,NA,NA,0,0,0,0,99100
1028564,675,B.Leidler,Blake,Leidler,14,Sydney,SYD,DEF,DEF,NA,2025,0,0,NA,NA,0,0,0,0,99100
1029136,742,M.Champion,Malakai,Champion,16,West Coast,WCE,FWD,FWD,NA,2025,0,0,NA,NA,0,0,0,0,99100
1000958,779,H.Boyd,Harry,Boyd,13,St Kilda,STK,RUC,RUC,NA,2025,0,0,NA,NA,0,0,0,NA,99100
1011950,780,B.Jepson,Ben,Jepson,17,Gold Coast,GCS,DEF,DEF,NA,2025,0,0,NA,NA,0,0,0,NA,99100
1027964,781,M.Carroll,Matthew,Carroll,3,Carlton,CAR,DEF,DEF,NA,2025,0,0,NA,NA,0,0,0,NA,99100